2025-07-29 09:17:42,914 - __main__ - INFO - 🔌 Step 1: Shutting down executive nodes...
2025-07-29 09:17:42,915 - __main__ - INFO - 🔌 Step 2: Shutting down sense nodes...
2025-07-29 09:17:42,916 - __main__ - INFO - 🔌 Step 3: Shutting down memory and situation nodes...
2025-07-29 09:17:42,917 - __main__ - INFO - 🔌 Step 4: Shutting down shared nodes...
2025-07-29 09:17:42,918 - __main__ - INFO - 🔌 Step 5: Shutting down display node...
2025-07-29 10:48:38,477 - __main__ - INFO - 🔌 Step 1: Shutting down executive nodes...
2025-07-29 10:48:38,479 - __main__ - INFO - 🔌 Step 2: Shutting down sense nodes...
2025-07-29 10:48:38,479 - __main__ - INFO - 🔌 Step 3: Shutting down memory and situation nodes...
2025-07-29 10:48:38,480 - __main__ - INFO - 🔌 Step 4: Shutting down shared nodes...
2025-07-29 10:48:38,480 - __main__ - INFO - 🔌 Step 5: Shutting down display node...
2025-07-29 14:24:54,846 - __main__ - INFO - 🔌 Step 1: Shutting down executive nodes...
2025-07-29 14:24:54,848 - __main__ - INFO - 🔌 Step 2: Shutting down sense nodes...
2025-07-29 14:24:54,848 - __main__ - INFO - 🔌 Step 3: Shutting down memory and situation nodes...
2025-07-29 14:24:54,849 - __main__ - INFO - 🔌 Step 4: Shutting down shared nodes...
2025-07-29 14:24:54,850 - __main__ - INFO - 🔌 Step 5: Shutting down display node...
2025-07-29 20:29:54,017 - __main__ - INFO - 🔌 Step 1: Shutting down executive nodes...
2025-07-29 20:29:54,020 - __main__ - INFO - 🔌 Step 2: Shutting down sense nodes...
2025-07-29 20:29:54,021 - __main__ - INFO - 🔌 Step 3: Shutting down memory and situation nodes...
2025-07-29 20:29:54,022 - __main__ - INFO - 🔌 Step 4: Shutting down shared nodes...
2025-07-29 20:29:54,022 - __main__ - INFO - 🔌 Step 5: Shutting down display node...
2025-07-30 13:12:20,526 - __main__ - INFO - 🔌 Step 1: Shutting down executive nodes...
2025-07-30 13:12:20,527 - __main__ - INFO - 🔌 Step 2: Shutting down sense nodes...
2025-07-30 13:12:20,527 - __main__ - INFO - 🔌 Step 3: Shutting down memory and situation nodes...
2025-07-30 13:12:20,528 - __main__ - INFO - 🔌 Step 4: Shutting down shared nodes...
2025-07-30 13:12:20,529 - __main__ - INFO - 🔌 Step 5: Shutting down display node...
2025-07-30 19:47:17,225 - __main__ - INFO - 🔌 Step 1: Shutting down executive nodes...
2025-07-30 19:47:17,226 - __main__ - INFO - 🔌 Step 2: Shutting down sense nodes...
2025-07-30 19:47:17,227 - __main__ - INFO - 🔌 Step 3: Shutting down memory and situation nodes...
2025-07-30 19:47:17,227 - __main__ - INFO - 🔌 Step 4: Shutting down shared nodes...
2025-07-30 19:47:17,228 - __main__ - INFO - 🔌 Step 5: Shutting down display node...
2025-07-31 09:14:24,449 - __main__ - INFO - 🔌 Step 1: Shutting down executive nodes...
2025-07-31 09:14:24,451 - __main__ - INFO - 🔌 Step 2: Shutting down sense nodes...
2025-07-31 09:14:24,451 - __main__ - INFO - 🔌 Step 3: Shutting down memory and situation nodes...
2025-07-31 09:14:24,451 - __main__ - INFO - 🔌 Step 4: Shutting down shared nodes...
2025-07-31 09:14:24,452 - __main__ - INFO - 🔌 Step 5: Shutting down display node...
2025-07-31 09:20:48,854 - __main__ - INFO - 🔌 Step 1: Shutting down executive nodes...
2025-07-31 09:20:48,855 - __main__ - INFO - 🔌 Step 2: Shutting down sense nodes...
2025-07-31 09:20:48,856 - __main__ - INFO - 🔌 Step 3: Shutting down memory and situation nodes...
2025-07-31 09:20:48,857 - __main__ - INFO - 🔌 Step 4: Shutting down shared nodes...
2025-07-31 09:20:48,857 - __main__ - INFO - 🔌 Step 5: Shutting down display node...
2025-07-31 10:04:01,131 - __main__ - INFO - 🔌 Step 1: Shutting down executive nodes...
2025-07-31 10:04:01,133 - __main__ - INFO - 🔌 Step 2: Shutting down sense nodes...
2025-07-31 10:04:01,133 - __main__ - INFO - 🔌 Step 3: Shutting down memory and situation nodes...
2025-07-31 10:04:01,134 - __main__ - INFO - 🔌 Step 4: Shutting down shared nodes...
2025-07-31 10:04:01,135 - __main__ - INFO - 🔌 Step 5: Shutting down display node...
2025-07-31 12:49:05,607 - __main__ - INFO - 🔌 Step 1: Shutting down executive nodes...
2025-07-31 12:49:05,607 - __main__ - INFO - 🔌 Step 2: Shutting down sense nodes...
2025-07-31 12:49:05,607 - __main__ - INFO - 🔌 Step 3: Shutting down memory and situation nodes...
2025-07-31 12:49:05,608 - __main__ - INFO - 🔌 Step 4: Shutting down shared nodes...
2025-07-31 12:49:05,608 - __main__ - INFO - 🔌 Step 5: Shutting down display node...
2025-07-31 18:21:31,706 - __main__ - INFO - 🔌 Step 1: Shutting down executive nodes...
2025-07-31 18:21:31,707 - __main__ - INFO - 🔌 Step 2: Shutting down sense nodes...
2025-07-31 18:21:31,707 - __main__ - INFO - 🔌 Step 3: Shutting down memory and situation nodes...
2025-07-31 18:21:31,708 - __main__ - INFO - 🔌 Step 4: Shutting down shared nodes...
2025-07-31 18:21:31,708 - __main__ - INFO - 🔌 Step 5: Shutting down display node...
2025-08-01 09:36:01,124 - __main__ - INFO - 🔌 Step 1: Shutting down executive nodes...
2025-08-01 09:36:01,125 - __main__ - INFO - 🔌 Step 2: Shutting down sense nodes...
2025-08-01 09:36:01,125 - __main__ - INFO - 🔌 Step 3: Shutting down memory and situation nodes...
2025-08-01 09:36:01,125 - __main__ - INFO - 🔌 Step 4: Shutting down shared nodes...
2025-08-01 09:36:01,125 - __main__ - INFO - 🔌 Step 5: Shutting down display node...
2025-08-01 11:35:28,693 - __main__ - INFO - 🔌 Step 1: Shutting down executive nodes...
2025-08-01 11:35:28,696 - __main__ - INFO - 🔌 Step 2: Shutting down sense nodes...
2025-08-01 11:35:28,696 - __main__ - INFO - 🔌 Step 3: Shutting down memory and situation nodes...
2025-08-01 11:35:28,697 - __main__ - INFO - 🔌 Step 4: Shutting down shared nodes...
2025-08-01 11:35:28,697 - __main__ - INFO - 🔌 Step 5: Shutting down display node...
2025-08-01 16:33:56,447 - __main__ - INFO - 🔌 Step 1: Shutting down executive nodes...
2025-08-01 16:33:56,449 - __main__ - INFO - 🔌 Step 2: Shutting down sense nodes...
2025-08-01 16:33:56,449 - __main__ - INFO - 🔌 Step 3: Shutting down memory and situation nodes...
2025-08-01 16:33:56,450 - __main__ - INFO - 🔌 Step 4: Shutting down shared nodes...
2025-08-01 16:33:56,450 - __main__ - INFO - 🔌 Step 5: Shutting down display node...
2025-08-02 19:59:37,968 - __main__ - INFO - 🔌 Step 1: Shutting down executive nodes...
2025-08-02 19:59:37,969 - __main__ - INFO - 🔌 Step 2: Shutting down sense nodes...
2025-08-02 19:59:37,970 - __main__ - INFO - 🔌 Step 3: Shutting down memory and situation nodes...
2025-08-02 19:59:37,970 - __main__ - INFO - 🔌 Step 4: Shutting down shared nodes...
2025-08-02 19:59:37,971 - __main__ - INFO - 🔌 Step 5: Shutting down display node...
2025-08-02 20:16:40,662 - __main__ - INFO - 🔌 Step 1: Shutting down executive nodes...
2025-08-02 20:16:40,663 - __main__ - INFO - 🔌 Step 2: Shutting down sense nodes...
2025-08-02 20:16:40,664 - __main__ - INFO - 🔌 Step 3: Shutting down memory and situation nodes...
2025-08-02 20:16:40,664 - __main__ - INFO - 🔌 Step 4: Shutting down shared nodes...
2025-08-02 20:16:40,665 - __main__ - INFO - 🔌 Step 5: Shutting down display node...
2025-08-04 19:32:04,748 - __main__ - INFO - 🔌 Step 1: Shutting down executive nodes...
2025-08-04 19:32:04,750 - __main__ - INFO - 🔌 Step 2: Shutting down sense nodes...
2025-08-04 19:32:04,750 - __main__ - INFO - 🔌 Step 3: Shutting down memory and situation nodes...
2025-08-04 19:32:04,751 - __main__ - INFO - 🔌 Step 4: Shutting down shared nodes...
2025-08-04 19:32:04,751 - __main__ - INFO - 🔌 Step 5: Shutting down display node...
2025-08-05 11:02:13,704 - __main__ - INFO - 🔌 Step 1: Shutting down executive nodes...
2025-08-05 11:02:13,705 - __main__ - INFO - 🔌 Step 2: Shutting down sense nodes...
2025-08-05 11:02:13,705 - __main__ - INFO - 🔌 Step 3: Shutting down memory and situation nodes...
2025-08-05 11:02:13,706 - __main__ - INFO - 🔌 Step 4: Shutting down shared nodes...
2025-08-05 11:02:13,706 - __main__ - INFO - 🔌 Step 5: Shutting down display node...
2025-08-08 08:48:38,325 - __main__ - INFO - 🔌 Step 1: Shutting down executive nodes...
2025-08-08 08:48:38,326 - __main__ - INFO - 🔌 Step 2: Shutting down sense nodes...
2025-08-08 08:48:38,326 - __main__ - INFO - 🔌 Step 3: Shutting down memory and situation nodes...
2025-08-08 08:48:38,327 - __main__ - INFO - 🔌 Step 4: Shutting down shared nodes...
2025-08-08 08:48:38,327 - __main__ - INFO - 🔌 Step 5: Shutting down display node...
2025-08-08 08:50:50,953 - __main__ - INFO - 🔌 Step 1: Shutting down executive nodes...
2025-08-08 08:50:50,955 - __main__ - INFO - 🔌 Step 2: Shutting down sense nodes...
2025-08-08 08:50:50,956 - __main__ - INFO - 🔌 Step 3: Shutting down memory and situation nodes...
2025-08-08 08:50:50,956 - __main__ - INFO - 🔌 Step 4: Shutting down shared nodes...
2025-08-08 08:50:50,957 - __main__ - INFO - 🔌 Step 5: Shutting down display node...
2025-08-08 11:00:19,389 - __main__ - INFO - 🔌 Step 1: Shutting down executive nodes...
2025-08-08 11:00:19,391 - __main__ - INFO - 🔌 Step 2: Shutting down sense nodes...
2025-08-08 11:00:19,391 - __main__ - INFO - 🔌 Step 3: Shutting down memory and situation nodes...
2025-08-08 11:00:19,392 - __main__ - INFO - 🔌 Step 4: Shutting down shared nodes...
2025-08-08 11:00:19,392 - __main__ - INFO - 🔌 Step 5: Shutting down display node...
2025-08-08 11:22:10,368 - __main__ - INFO - 🔌 Step 1: Shutting down executive nodes...
2025-08-08 11:22:10,371 - __main__ - INFO - 🔌 Step 2: Shutting down sense nodes...
2025-08-08 11:22:10,372 - __main__ - INFO - 🔌 Step 3: Shutting down memory and situation nodes...
2025-08-08 11:22:10,373 - __main__ - INFO - 🔌 Step 4: Shutting down shared nodes...
2025-08-08 11:22:10,373 - __main__ - INFO - 🔌 Step 5: Shutting down display node...
2025-08-08 13:42:16,330 - __main__ - INFO - 🔌 Step 1: Shutting down executive nodes...
2025-08-08 13:42:16,331 - __main__ - INFO - 🔌 Step 2: Shutting down sense nodes...
2025-08-08 13:42:16,332 - __main__ - INFO - 🔌 Step 3: Shutting down memory and situation nodes...
2025-08-08 13:42:16,332 - __main__ - INFO - 🔌 Step 4: Shutting down shared nodes...
2025-08-08 13:42:16,333 - __main__ - INFO - 🔌 Step 5: Shutting down display node...
2025-08-08 20:20:41,850 - __main__ - INFO - 🔌 Step 1: Shutting down executive nodes...
2025-08-08 20:20:41,851 - __main__ - INFO - 🔌 Step 2: Shutting down sense nodes...
2025-08-08 20:20:41,851 - __main__ - INFO - 🔌 Step 3: Shutting down memory and situation nodes...
2025-08-08 20:20:41,852 - __main__ - INFO - 🔌 Step 4: Shutting down shared nodes...
2025-08-08 20:20:41,853 - __main__ - INFO - 🔌 Step 5: Shutting down display node...
2025-08-08 20:31:27,775 - __main__ - INFO - 🔌 Step 1: Shutting down executive nodes...
2025-08-08 20:31:27,778 - __main__ - INFO - 🔌 Step 2: Shutting down sense nodes...
2025-08-08 20:31:27,778 - __main__ - INFO - 🔌 Step 3: Shutting down memory and situation nodes...
2025-08-08 20:31:27,779 - __main__ - INFO - 🔌 Step 4: Shutting down shared nodes...
2025-08-08 20:31:27,780 - __main__ - INFO - 🔌 Step 5: Shutting down display node...
2025-08-08 20:36:20,815 - __main__ - INFO - 🔌 Step 1: Shutting down executive nodes...
2025-08-08 20:36:20,816 - __main__ - INFO - 🔌 Step 2: Shutting down sense nodes...
2025-08-08 20:36:20,816 - __main__ - INFO - 🔌 Step 3: Shutting down memory and situation nodes...
2025-08-08 20:36:20,817 - __main__ - INFO - 🔌 Step 4: Shutting down shared nodes...
2025-08-08 20:36:20,817 - __main__ - INFO - 🔌 Step 5: Shutting down display node...
2025-08-08 20:46:48,171 - __main__ - INFO - 🔌 Step 1: Shutting down executive nodes...
2025-08-08 20:46:48,171 - __main__ - INFO - 🔌 Step 2: Shutting down sense nodes...
2025-08-08 20:46:48,171 - __main__ - INFO - 🔌 Step 3: Shutting down memory and situation nodes...
2025-08-08 20:46:48,171 - __main__ - INFO - 🔌 Step 4: Shutting down shared nodes...
2025-08-08 20:46:48,172 - __main__ - INFO - 🔌 Step 5: Shutting down display node...
2025-08-08 20:46:50,185 - asyncio - ERROR - Task exception was never retrieved
future: <Task finished name='Task-14' coro=<FastAPIActionDisplayNode._initiate_shutdown() done, defined at fastapi_action_display.py:387> exception=SystemExit(0)>
Traceback (most recent call last):
  File "uvloop/loop.pyx", line 476, in uvloop.loop.Loop._on_idle
  File "uvloop/cbhandles.pyx", line 83, in uvloop.loop.Handle._run
  File "uvloop/cbhandles.pyx", line 63, in uvloop.loop.Handle._run
  File "fastapi_action_display.py", line 423, in _initiate_shutdown
    sys.exit(0)
SystemExit: 0
2025-08-09 08:42:31,657 - __main__ - INFO - 🔌 Step 1: Shutting down executive nodes...
2025-08-09 08:42:31,659 - __main__ - INFO - 🔌 Step 2: Shutting down sense nodes...
2025-08-09 08:42:31,659 - __main__ - INFO - 🔌 Step 3: Shutting down memory and situation nodes...
2025-08-09 08:42:31,660 - __main__ - INFO - 🔌 Step 4: Shutting down shared nodes...
2025-08-09 08:42:31,660 - __main__ - INFO - 🔌 Step 5: Shutting down display node...
2025-08-09 08:42:33,715 - asyncio - ERROR - Task exception was never retrieved
future: <Task finished name='Task-47' coro=<FastAPIActionDisplayNode._initiate_shutdown() done, defined at fastapi_action_display.py:387> exception=SystemExit(0)>
Traceback (most recent call last):
  File "uvloop/loop.pyx", line 476, in uvloop.loop.Loop._on_idle
  File "uvloop/cbhandles.pyx", line 83, in uvloop.loop.Handle._run
  File "uvloop/cbhandles.pyx", line 63, in uvloop.loop.Handle._run
  File "fastapi_action_display.py", line 423, in _initiate_shutdown
    sys.exit(0)
SystemExit: 0
2025-08-09 08:47:22,774 - __main__ - INFO - 🔌 Step 1: Shutting down executive nodes...
2025-08-09 08:47:22,776 - __main__ - INFO - 🔌 Step 2: Shutting down sense nodes...
2025-08-09 08:47:22,776 - __main__ - INFO - 🔌 Step 3: Shutting down memory and situation nodes...
2025-08-09 08:47:22,776 - __main__ - INFO - 🔌 Step 4: Shutting down shared nodes...
2025-08-09 08:47:22,777 - __main__ - INFO - 🔌 Step 5: Shutting down display node...
2025-08-09 08:47:24,794 - asyncio - ERROR - Task exception was never retrieved
future: <Task finished name='Task-13' coro=<FastAPIActionDisplayNode._initiate_shutdown() done, defined at fastapi_action_display.py:387> exception=SystemExit(0)>
Traceback (most recent call last):
  File "uvloop/loop.pyx", line 476, in uvloop.loop.Loop._on_idle
  File "uvloop/cbhandles.pyx", line 83, in uvloop.loop.Handle._run
  File "uvloop/cbhandles.pyx", line 63, in uvloop.loop.Handle._run
  File "fastapi_action_display.py", line 423, in _initiate_shutdown
    sys.exit(0)
SystemExit: 0
2025-08-14 11:10:51,077 - __main__ - INFO - 🚀 System ready signal received: 4 characters active
2025-08-14 11:17:31,956 - __main__ - INFO - 🚀 System ready signal received: 4 characters active
2025-08-14 11:20:51,880 - __main__ - INFO - 🚀 System ready signal received: 4 characters active
2025-08-14 11:22:52,788 - __main__ - INFO - 🚀 System ready signal received: 4 characters active
2025-08-14 15:48:31,062 - __main__ - INFO - 🚀 System ready signal received: 4 characters active
2025-08-14 15:53:41,336 - __main__ - INFO - 🚀 System ready signal received: 4 characters active
2025-08-14 18:09:50,729 - __main__ - INFO - 🚀 System ready signal received: 4 characters active
2025-08-14 18:14:48,931 - __main__ - INFO - 🚀 System ready signal received: 4 characters active
2025-08-14 18:16:22,843 - __main__ - INFO - 🚀 System ready signal received: 4 characters active
2025-08-14 18:20:47,156 - __main__ - INFO - 🚀 System ready signal received: 4 characters active
2025-08-14 18:24:27,411 - __main__ - INFO - 🚀 System ready signal received: 4 characters active
2025-08-14 18:33:59,090 - __main__ - INFO - 🚀 System ready signal received: 4 characters active
2025-08-14 18:50:30,004 - __main__ - INFO - 🚀 System ready signal received: 4 characters active
2025-08-14 19:22:44,856 - __main__ - INFO - 🚀 System ready signal received: 4 characters active
2025-08-14 20:09:16,734 - __main__ - INFO - 🚀 System ready signal received: 4 characters active
2025-08-14 20:19:33,390 - __main__ - INFO - 🚀 System ready signal received: 4 characters active
2025-08-15 10:55:16,711 - __main__ - INFO - 🚀 System ready signal received: 4 characters active
2025-08-15 10:57:32,313 - __main__ - INFO - 🚀 System ready signal received: 4 characters active
2025-08-15 12:35:39,267 - __main__ - INFO - 🚀 System ready signal received: 4 characters active
2025-08-15 12:46:49,150 - __main__ - INFO - 🚀 System ready signal received: 4 characters active
2025-08-15 12:53:33,908 - __main__ - INFO - 🚀 System ready signal received: 4 characters active
2025-08-15 14:11:16,780 - __main__ - INFO - 🚀 System ready signal received: 4 characters active
2025-08-15 14:13:55,643 - __main__ - INFO - 🚀 System ready signal received: 4 characters active
2025-08-15 14:18:18,690 - __main__ - INFO - 🚀 System ready signal received: 4 characters active
2025-08-15 14:24:07,264 - __main__ - INFO - 🚀 System ready signal received: 4 characters active
2025-08-15 14:39:13,278 - __main__ - INFO - 🚀 System ready signal received: 4 characters active
2025-08-15 14:41:18,789 - __main__ - INFO - 🚀 System ready signal received: 4 characters active
2025-08-15 14:47:09,531 - __main__ - INFO - 🚀 System ready signal received: 4 characters active
2025-08-15 15:16:59,128 - __main__ - INFO - 🚀 System ready signal received: 4 characters active
2025-08-15 15:19:23,244 - __main__ - INFO - 🚀 System ready signal received: 4 characters active
2025-08-15 18:20:00,984 - __main__ - INFO - 🔧 Debug mode enabled for FastAPI Action Display
2025-08-15 18:20:17,865 - __main__ - INFO - 🚀 System ready signal received: 4 characters active
2025-08-15 18:21:05,683 - __main__ - INFO - 🔧 Debug mode enabled for FastAPI Action Display
2025-08-15 18:21:14,976 - __main__ - INFO - 🚀 System ready signal received: 1 characters active
2025-08-15 18:42:56,434 - __main__ - INFO - 🔧 Debug mode enabled for FastAPI Action Display
2025-08-15 18:43:04,821 - __main__ - INFO - 🚀 System ready signal received: 1 characters active
2025-08-15 19:00:41,842 - __main__ - INFO - 🔧 Debug mode enabled for FastAPI Action Display
2025-08-15 19:00:50,201 - __main__ - INFO - 🚀 System ready signal received: 1 characters active
2025-08-15 19:37:33,933 - __main__ - INFO - 🔧 Debug mode enabled for FastAPI Action Display
2025-08-15 19:37:42,299 - __main__ - INFO - 🚀 System ready signal received: 1 characters active
2025-08-16 09:33:56,007 - __main__ - INFO - 🔧 Debug mode enabled for FastAPI Action Display
2025-08-16 09:34:05,062 - __main__ - INFO - 🚀 System ready signal received: 1 characters active
2025-08-16 10:00:20,828 - __main__ - INFO - 🔧 Debug mode enabled for FastAPI Action Display
2025-08-16 10:00:28,943 - __main__ - INFO - 🚀 System ready signal received: 1 characters active
2025-08-16 10:55:34,789 - __main__ - INFO - 🔧 Debug mode enabled for FastAPI Action Display
2025-08-16 10:55:42,850 - __main__ - INFO - 🚀 System ready signal received: 1 characters active
2025-08-16 10:58:29,417 - __main__ - INFO - 🔧 Debug mode enabled for FastAPI Action Display
2025-08-16 10:58:37,359 - __main__ - INFO - 🚀 System ready signal received: 1 characters active
2025-08-16 11:03:08,556 - __main__ - INFO - 🔧 Debug mode enabled for FastAPI Action Display
2025-08-16 11:03:17,721 - __main__ - INFO - 🚀 System ready signal received: 1 characters active
2025-08-16 11:08:35,866 - __main__ - INFO - 🔧 Debug mode enabled for FastAPI Action Display
2025-08-16 11:08:44,968 - __main__ - INFO - 🚀 System ready signal received: 1 characters active
2025-08-16 11:17:10,365 - __main__ - INFO - 🔧 Debug mode enabled for FastAPI Action Display
2025-08-16 11:17:19,478 - __main__ - INFO - 🚀 System ready signal received: 1 characters active
2025-08-16 11:22:53,129 - __main__ - INFO - 🔧 Debug mode enabled for FastAPI Action Display
2025-08-16 11:23:01,131 - __main__ - INFO - 🚀 System ready signal received: 1 characters active
2025-08-16 11:30:56,246 - __main__ - INFO - 🔧 Debug mode enabled for FastAPI Action Display
2025-08-16 11:31:05,229 - __main__ - INFO - 🚀 System ready signal received: 1 characters active
2025-08-16 12:52:14,586 - __main__ - INFO - 🔧 Debug mode enabled for FastAPI Action Display
2025-08-16 12:52:22,440 - __main__ - INFO - 🚀 System ready signal received: 1 characters active
2025-08-16 13:44:46,378 - __main__ - INFO - 🔧 Debug mode enabled for FastAPI Action Display
2025-08-16 13:44:54,316 - __main__ - INFO - 🚀 System ready signal received: 1 characters active
2025-08-16 15:02:47,712 - __main__ - INFO - 🔧 Debug mode enabled for FastAPI Action Display
2025-08-16 15:02:55,706 - __main__ - INFO - 🚀 System ready signal received: 1 characters active
2025-08-16 15:15:39,042 - __main__ - INFO - 🔧 Debug mode enabled for FastAPI Action Display
2025-08-16 15:15:46,902 - __main__ - INFO - 🚀 System ready signal received: 1 characters active
2025-08-16 15:20:17,401 - __main__ - INFO - 🔧 Debug mode enabled for FastAPI Action Display
2025-08-16 15:20:26,485 - __main__ - INFO - 🚀 System ready signal received: 1 characters active
2025-08-16 15:26:26,193 - __main__ - INFO - 🔧 Debug mode enabled for FastAPI Action Display
2025-08-16 15:26:33,994 - __main__ - INFO - 🚀 System ready signal received: 1 characters active
2025-08-16 15:33:33,088 - __main__ - INFO - 🔧 Debug mode enabled for FastAPI Action Display
2025-08-16 15:33:41,954 - __main__ - INFO - 🚀 System ready signal received: 1 characters active
2025-08-16 15:43:54,324 - __main__ - INFO - 🔧 Debug mode enabled for FastAPI Action Display
2025-08-16 15:44:01,958 - __main__ - INFO - 🚀 System ready signal received: 1 characters active
2025-08-16 15:47:00,215 - __main__ - INFO - 🔧 Debug mode enabled for FastAPI Action Display
2025-08-16 15:47:08,126 - __main__ - INFO - 🚀 System ready signal received: 1 characters active
2025-08-16 15:56:28,609 - __main__ - INFO - 🔧 Debug mode enabled for FastAPI Action Display
2025-08-16 15:56:36,176 - __main__ - INFO - 🚀 System ready signal received: 1 characters active
2025-08-16 16:01:41,104 - __main__ - INFO - 🔧 Debug mode enabled for FastAPI Action Display
2025-08-16 16:01:50,037 - __main__ - INFO - 🚀 System ready signal received: 1 characters active
2025-08-16 16:03:46,339 - __main__ - INFO - 🔧 Debug mode enabled for FastAPI Action Display
2025-08-16 16:03:54,241 - __main__ - INFO - 🚀 System ready signal received: 1 characters active
2025-08-16 16:09:55,871 - __main__ - INFO - 🔧 Debug mode enabled for FastAPI Action Display
2025-08-16 16:10:03,618 - __main__ - INFO - 🚀 System ready signal received: 1 characters active
2025-08-16 16:11:45,220 - __main__ - INFO - 🔧 Debug mode enabled for FastAPI Action Display
2025-08-16 16:11:54,086 - __main__ - INFO - 🚀 System ready signal received: 1 characters active
2025-08-16 16:14:42,140 - __main__ - INFO - 🔧 Debug mode enabled for FastAPI Action Display
2025-08-16 16:14:49,816 - __main__ - INFO - 🚀 System ready signal received: 1 characters active
2025-08-16 16:21:59,294 - __main__ - INFO - 🔧 Debug mode enabled for FastAPI Action Display
2025-08-16 16:22:08,262 - __main__ - INFO - 🚀 System ready signal received: 1 characters active
2025-08-16 16:31:09,729 - __main__ - INFO - 🔧 Debug mode enabled for FastAPI Action Display
2025-08-16 16:31:17,956 - __main__ - INFO - 🚀 System ready signal received: 1 characters active
2025-08-16 16:35:18,630 - __main__ - INFO - 🔧 Debug mode enabled for FastAPI Action Display
2025-08-16 16:35:26,599 - __main__ - INFO - 🚀 System ready signal received: 1 characters active
2025-08-16 16:36:07,956 - __main__ - INFO - 🔧 Debug mode enabled for FastAPI Action Display
2025-08-16 16:36:15,923 - __main__ - INFO - 🚀 System ready signal received: 1 characters active
2025-08-16 16:44:29,287 - __main__ - INFO - 🔧 Debug mode enabled for FastAPI Action Display
2025-08-16 16:44:37,202 - __main__ - INFO - 🚀 System ready signal received: 1 characters active
2025-08-16 17:03:40,145 - __main__ - INFO - 🔧 Debug mode enabled for FastAPI Action Display
2025-08-16 17:03:47,971 - __main__ - INFO - 🚀 System ready signal received: 1 characters active
2025-08-16 17:40:16,523 - __main__ - INFO - 🔧 Debug mode enabled for FastAPI Action Display
2025-08-16 17:40:25,652 - __main__ - INFO - 🚀 System ready signal received: 1 characters active
2025-08-16 19:22:15,635 - __main__ - INFO - 🔧 Debug mode enabled for FastAPI Action Display
2025-08-16 19:22:23,738 - __main__ - INFO - 🚀 System ready signal received: 1 characters active
2025-08-16 19:34:42,334 - __main__ - INFO - 🔧 Debug mode enabled for FastAPI Action Display
2025-08-16 19:34:51,497 - __main__ - INFO - 🚀 System ready signal received: 1 characters active
2025-08-16 19:50:55,810 - __main__ - INFO - 🔧 Debug mode enabled for FastAPI Action Display
2025-08-16 19:50:56,970 - __main__ - INFO - 🔄 Turn control update from map node: mode=step
2025-08-16 19:51:03,861 - __main__ - INFO - 🚀 System ready signal received: 1 characters active
2025-08-16 19:51:08,917 - __main__ - INFO - 🔄 Turn control update from map node: mode=step
2025-08-16 19:51:08,917 - __main__ - INFO - 📤 Sending turn state update: mode=step, turn=0
2025-08-16 19:51:39,673 - __main__ - INFO - 🔄 Turn control update from map node: mode=step
2025-08-16 19:51:39,673 - __main__ - INFO - 📤 Sending turn state update: mode=step, turn=0
2025-08-16 19:51:47,826 - __main__ - INFO - 🏃 Run command received in FastAPI
2025-08-16 19:51:47,826 - __main__ - INFO - 🏃 Run command published to map node
2025-08-16 19:51:47,828 - __main__ - INFO - 🔄 Turn control update from map node: mode=run
2025-08-16 19:51:47,828 - __main__ - INFO - 📤 Sending turn state update: mode=run, turn=0
2025-08-16 19:51:53,121 - __main__ - INFO - 🛑 Stop command received in FastAPI
2025-08-16 19:51:53,121 - __main__ - INFO - 🛑 Stop command published to map node
2025-08-16 19:51:53,123 - __main__ - INFO - 🔄 Turn control update from map node: mode=step
2025-08-16 19:51:53,123 - __main__ - INFO - 📤 Sending turn state update: mode=step, turn=0
2025-08-16 19:52:03,461 - __main__ - INFO - 🔄 Turn control update from map node: mode=step
2025-08-16 19:52:03,461 - __main__ - INFO - 📤 Sending turn state update: mode=step, turn=0
2025-08-16 19:52:09,050 - __main__ - INFO - 🔄 Turn control update from map node: mode=step
2025-08-16 19:52:09,050 - __main__ - INFO - 📤 Sending turn state update: mode=step, turn=0
2025-08-16 19:52:18,995 - __main__ - INFO - 🛑 Stop command received in FastAPI
2025-08-16 19:52:18,996 - __main__ - INFO - 🛑 Stop command published to map node
2025-08-16 19:52:18,997 - __main__ - INFO - 🔄 Turn control update from map node: mode=step
2025-08-16 19:52:18,997 - __main__ - INFO - 📤 Sending turn state update: mode=step, turn=0
2025-08-16 19:52:23,763 - __main__ - INFO - 🔄 Turn control update from map node: mode=step
2025-08-16 19:52:23,763 - __main__ - INFO - 📤 Sending turn state update: mode=step, turn=0
2025-08-16 19:52:34,751 - __main__ - INFO - 🏃 Run command received in FastAPI
2025-08-16 19:52:34,752 - __main__ - INFO - 🏃 Run command published to map node
2025-08-16 19:52:34,754 - __main__ - INFO - 🔄 Turn control update from map node: mode=run
2025-08-16 19:52:34,754 - __main__ - INFO - 📤 Sending turn state update: mode=run, turn=0
2025-08-16 19:52:45,427 - __main__ - INFO - 🛑 Stop command received in FastAPI
2025-08-16 19:52:45,428 - __main__ - INFO - 🛑 Stop command published to map node
2025-08-16 19:52:45,429 - __main__ - INFO - 🔄 Turn control update from map node: mode=step
2025-08-16 19:52:45,429 - __main__ - INFO - 📤 Sending turn state update: mode=step, turn=0
2025-08-16 19:58:57,290 - __main__ - INFO - 🔧 Debug mode enabled for FastAPI Action Display
2025-08-16 19:58:59,468 - __main__ - INFO - 🔄 Turn control update from map node: mode=step
2025-08-16 19:58:59,468 - __main__ - INFO - 📤 Sending turn mode update: mode=step
2025-08-16 19:59:06,417 - __main__ - INFO - 🚀 System ready signal received: 1 characters active
2025-08-16 19:59:12,403 - __main__ - INFO - 🔄 Turn control update from map node: mode=step
2025-08-16 19:59:12,404 - __main__ - INFO - 📤 Sending turn mode update: mode=step
2025-08-16 20:00:02,723 - __main__ - INFO - 🏃 Run command received in FastAPI
2025-08-16 20:00:02,723 - __main__ - INFO - 🏃 Run command published to map node
2025-08-16 20:00:02,724 - __main__ - INFO - 🔄 Turn control update from map node: mode=run
2025-08-16 20:00:02,725 - __main__ - INFO - 📤 Sending turn mode update: mode=run
2025-08-16 20:00:26,873 - __main__ - INFO - 🛑 Stop command received in FastAPI
2025-08-16 20:00:26,874 - __main__ - INFO - 🛑 Stop command published to map node
2025-08-16 20:00:26,875 - __main__ - INFO - 🔄 Turn control update from map node: mode=step
2025-08-16 20:00:26,875 - __main__ - INFO - 📤 Sending turn mode update: mode=step
2025-08-16 20:00:35,693 - __main__ - INFO - 🔄 Turn control update from map node: mode=step
2025-08-16 20:00:35,694 - __main__ - INFO - 📤 Sending turn mode update: mode=step
2025-08-16 20:01:15,216 - __main__ - INFO - 🏃 Run command received in FastAPI
2025-08-16 20:01:15,217 - __main__ - INFO - 🏃 Run command published to map node
2025-08-16 20:01:15,218 - __main__ - INFO - 🔄 Turn control update from map node: mode=run
2025-08-16 20:01:15,218 - __main__ - INFO - 📤 Sending turn mode update: mode=run
2025-08-16 20:01:24,319 - __main__ - INFO - 🛑 Stop command received in FastAPI
2025-08-16 20:01:24,320 - __main__ - INFO - 🛑 Stop command published to map node
2025-08-16 20:01:24,321 - __main__ - INFO - 🔄 Turn control update from map node: mode=step
2025-08-16 20:01:24,321 - __main__ - INFO - 📤 Sending turn mode update: mode=step
2025-08-16 20:01:37,829 - __main__ - INFO - 🏃 Run command received in FastAPI
2025-08-16 20:01:37,829 - __main__ - INFO - 🏃 Run command published to map node
2025-08-16 20:01:37,830 - __main__ - INFO - 🔄 Turn control update from map node: mode=run
2025-08-16 20:01:37,831 - __main__ - INFO - 📤 Sending turn mode update: mode=run
2025-08-16 20:01:59,529 - __main__ - INFO - 🛑 Stop command received in FastAPI
2025-08-16 20:01:59,530 - __main__ - INFO - 🛑 Stop command published to map node
2025-08-16 20:01:59,531 - __main__ - INFO - 🔄 Turn control update from map node: mode=step
2025-08-16 20:01:59,531 - __main__ - INFO - 📤 Sending turn mode update: mode=step
2025-08-16 20:02:02,479 - __main__ - INFO - 🔄 Turn control update from map node: mode=step
2025-08-16 20:02:02,480 - __main__ - INFO - 📤 Sending turn mode update: mode=step
2025-08-16 20:02:05,769 - __main__ - INFO - 🔄 Turn control update from map node: mode=step
2025-08-16 20:02:05,769 - __main__ - INFO - 📤 Sending turn mode update: mode=step
2025-08-16 20:02:08,776 - __main__ - INFO - 🔄 Turn control update from map node: mode=step
2025-08-16 20:02:08,777 - __main__ - INFO - 📤 Sending turn mode update: mode=step
2025-08-16 20:02:26,636 - __main__ - INFO - 🛑 Stop command received in FastAPI
2025-08-16 20:02:26,637 - __main__ - INFO - 🛑 Stop command published to map node
2025-08-16 20:02:26,638 - __main__ - INFO - 🔄 Turn control update from map node: mode=step
2025-08-16 20:02:26,639 - __main__ - INFO - 📤 Sending turn mode update: mode=step
2025-08-16 20:02:28,339 - __main__ - INFO - 🏃 Run command received in FastAPI
2025-08-16 20:02:28,340 - __main__ - INFO - 🏃 Run command published to map node
2025-08-16 20:02:28,342 - __main__ - INFO - 🔄 Turn control update from map node: mode=run
2025-08-16 20:02:28,342 - __main__ - INFO - 📤 Sending turn mode update: mode=run
2025-08-16 20:12:31,597 - __main__ - INFO - 🔧 Debug mode enabled for FastAPI Action Display
2025-08-16 20:12:32,806 - __main__ - INFO - 🔄 Turn control update from map node: mode=step
2025-08-16 20:12:39,621 - __main__ - INFO - 🚀 System ready signal received: 1 characters active
2025-08-16 20:12:46,890 - __main__ - INFO - 🏃 Run command received in FastAPI
2025-08-16 20:12:46,891 - __main__ - INFO - 🏃 Run command published to map node
2025-08-16 20:12:46,892 - __main__ - INFO - 🔄 Turn control update from map node: mode=run
2025-08-16 20:12:46,893 - __main__ - INFO - 📤 Sending turn mode update: mode=run
2025-08-16 20:15:06,326 - __main__ - INFO - 🛑 Stop command received in FastAPI
2025-08-16 20:15:06,327 - __main__ - INFO - 🛑 Stop command published to map node
2025-08-16 20:15:06,328 - __main__ - INFO - 🔄 Turn control update from map node: mode=step
2025-08-16 20:15:06,328 - __main__ - INFO - 📤 Sending turn mode update: mode=step
2025-08-16 20:15:11,204 - __main__ - INFO - 🔄 Turn control update from map node: mode=step
2025-08-16 20:15:11,205 - __main__ - INFO - 📤 Sending turn mode update: mode=step
2025-08-16 20:15:15,430 - __main__ - INFO - 🛑 Stop command received in FastAPI
2025-08-16 20:15:15,431 - __main__ - INFO - 🛑 Stop command published to map node
2025-08-16 20:15:15,433 - __main__ - INFO - 🔄 Turn control update from map node: mode=step
2025-08-16 20:15:15,433 - __main__ - INFO - 📤 Sending turn mode update: mode=step
2025-08-16 20:15:20,205 - __main__ - INFO - 🔄 Turn control update from map node: mode=step
2025-08-16 20:15:20,205 - __main__ - INFO - 📤 Sending turn mode update: mode=step
2025-08-16 20:15:26,016 - __main__ - INFO - 🔄 Turn control update from map node: mode=step
2025-08-16 20:15:26,017 - __main__ - INFO - 📤 Sending turn mode update: mode=step
2025-08-16 20:15:29,441 - __main__ - INFO - 🏃 Run command received in FastAPI
2025-08-16 20:15:29,442 - __main__ - INFO - 🏃 Run command published to map node
2025-08-16 20:15:29,443 - __main__ - INFO - 🔄 Turn control update from map node: mode=run
2025-08-16 20:15:29,443 - __main__ - INFO - 📤 Sending turn mode update: mode=run
2025-08-16 20:15:33,487 - __main__ - INFO - 🛑 Stop command received in FastAPI
2025-08-16 20:15:33,488 - __main__ - INFO - 🛑 Stop command published to map node
2025-08-16 20:15:33,489 - __main__ - INFO - 🔄 Turn control update from map node: mode=step
2025-08-16 20:15:33,490 - __main__ - INFO - 📤 Sending turn mode update: mode=step
2025-08-16 20:17:19,335 - __main__ - INFO - 🔧 Debug mode enabled for FastAPI Action Display
2025-08-16 20:17:21,782 - __main__ - INFO - 🔄 Turn control update from map node: mode=step
2025-08-16 20:17:21,782 - __main__ - INFO - 📤 Sending turn mode update: mode=step
2025-08-16 20:17:36,051 - __main__ - INFO - 🚀 System ready signal received: 4 characters active
2025-08-16 20:17:49,176 - __main__ - INFO - 🏃 Run command received in FastAPI
2025-08-16 20:17:49,177 - __main__ - INFO - 🏃 Run command published to map node
2025-08-16 20:17:49,179 - __main__ - INFO - 🔄 Turn control update from map node: mode=run
2025-08-16 20:17:49,179 - __main__ - INFO - 📤 Sending turn mode update: mode=run
2025-08-16 20:20:48,253 - __main__ - INFO - 🛑 Stop command received in FastAPI
2025-08-16 20:20:48,254 - __main__ - INFO - 🛑 Stop command published to map node
2025-08-16 20:20:48,255 - __main__ - INFO - 🔄 Turn control update from map node: mode=step
2025-08-16 20:20:48,255 - __main__ - INFO - 📤 Sending turn mode update: mode=step
2025-08-16 20:21:22,330 - __main__ - INFO - 🏃 Run command received in FastAPI
2025-08-16 20:21:22,330 - __main__ - INFO - 🏃 Run command published to map node
2025-08-16 20:21:22,331 - __main__ - INFO - 🔄 Turn control update from map node: mode=run
2025-08-16 20:21:22,331 - __main__ - INFO - 📤 Sending turn mode update: mode=run
2025-08-16 20:21:28,097 - __main__ - INFO - 🛑 Stop command received in FastAPI
2025-08-16 20:21:28,098 - __main__ - INFO - 🛑 Stop command published to map node
2025-08-16 20:21:28,099 - __main__ - INFO - 🔄 Turn control update from map node: mode=step
2025-08-16 20:21:28,099 - __main__ - INFO - 📤 Sending turn mode update: mode=step
2025-08-16 20:21:38,826 - __main__ - INFO - 🔄 Turn control update from map node: mode=step
2025-08-16 20:21:38,826 - __main__ - INFO - 📤 Sending turn mode update: mode=step
2025-08-16 20:22:53,046 - __main__ - INFO - 🔄 Turn control update from map node: mode=step
2025-08-16 20:22:53,047 - __main__ - INFO - 📤 Sending turn mode update: mode=step
2025-08-17 09:16:17,541 - __main__ - INFO - 🔧 Debug mode enabled for FastAPI Action Display
2025-08-17 09:16:18,692 - __main__ - INFO - 🔄 Turn control update from map node: mode=step
2025-08-17 09:16:25,015 - __main__ - INFO - 📤 No simulation time available for new WebSocket connection
2025-08-17 09:16:25,027 - __main__ - INFO - 📤 No simulation time available for new WebSocket connection
2025-08-17 09:16:25,155 - __main__ - INFO - 📤 No simulation time available for new WebSocket connection
2025-08-17 09:16:25,156 - __main__ - WARNING - Failed to query map_node for initial time: Session.get() got an unexpected keyword argument 'timeout_s'
2025-08-17 09:16:25,800 - __main__ - INFO - 🚀 System ready signal received: 1 characters active
2025-08-17 09:16:25,801 - __main__ - INFO - 📤 No simulation time available to send to WebSocket clients
2025-08-17 09:16:38,296 - __main__ - INFO - 🔄 Turn control update from map node: mode=step
2025-08-17 09:16:38,296 - __main__ - INFO - 📤 Sending turn mode update: mode=step
2025-08-17 09:16:53,833 - __main__ - INFO - ⏰ Time advanced: 2025-08-17T09:26:18.150256
2025-08-17 09:20:26,428 - __main__ - INFO - 🔄 Turn control update from map node: mode=step
2025-08-17 09:20:26,428 - __main__ - INFO - 📤 Sending turn mode update: mode=step
2025-08-17 09:20:27,178 - __main__ - INFO - ⏰ Time advanced: 2025-08-17T09:36:18.150256
2025-08-17 09:20:28,678 - __main__ - INFO - 🔄 Turn control update from map node: mode=step
2025-08-17 09:20:28,678 - __main__ - INFO - 📤 Sending turn mode update: mode=step
2025-08-17 09:20:29,272 - __main__ - INFO - ⏰ Time advanced: 2025-08-17T09:46:18.150256
2025-08-17 09:20:30,185 - __main__ - INFO - 🔄 Turn control update from map node: mode=step
2025-08-17 09:20:30,186 - __main__ - INFO - 📤 Sending turn mode update: mode=step
2025-08-17 09:20:30,292 - __main__ - INFO - ⏰ Time advanced: 2025-08-17T09:56:18.150256
2025-08-17 09:20:32,371 - __main__ - INFO - 🔄 Turn control update from map node: mode=step
2025-08-17 09:20:32,372 - __main__ - INFO - 📤 Sending turn mode update: mode=step
2025-08-17 09:20:35,761 - __main__ - INFO - 🏃 Run command received in FastAPI
2025-08-17 09:20:35,762 - __main__ - INFO - 🏃 Run command published to map node
2025-08-17 09:20:35,762 - __main__ - INFO - 🔄 Turn control update from map node: mode=run
2025-08-17 09:20:35,762 - __main__ - INFO - 📤 Sending turn mode update: mode=run
2025-08-17 09:20:36,832 - __main__ - INFO - ⏰ Time advanced: 2025-08-17T10:06:18.150256
2025-08-17 09:20:44,071 - __main__ - INFO - ⏰ Time advanced: 2025-08-17T10:16:18.150256
2025-08-17 09:20:51,067 - __main__ - INFO - ⏰ Time advanced: 2025-08-17T10:26:18.150256
2025-08-17 09:21:08,274 - __main__ - INFO - ⏰ Time advanced: 2025-08-17T10:36:18.150256
2025-08-17 09:21:10,376 - __main__ - INFO - ⏰ Time advanced: 2025-08-17T10:46:18.150256
2025-08-17 09:21:12,638 - __main__ - INFO - 🛑 Stop command received in FastAPI
2025-08-17 09:21:12,639 - __main__ - INFO - 🛑 Stop command published to map node
2025-08-17 09:21:12,640 - __main__ - INFO - 🔄 Turn control update from map node: mode=step
2025-08-17 09:21:12,641 - __main__ - INFO - 📤 Sending turn mode update: mode=step
2025-08-17 09:21:16,288 - __main__ - INFO - ⏰ Time advanced: 2025-08-17T10:56:18.150256
2025-08-17 09:31:17,228 - __main__ - INFO - 🔧 Debug mode enabled for FastAPI Action Display
2025-08-17 09:31:18,300 - __main__ - INFO - 🔄 Turn control update from map node: mode=step
2025-08-17 09:31:18,483 - __main__ - WARNING - Failed to query map_node for initial time: Session.get() got an unexpected keyword argument 'timeout_s'
2025-08-17 09:31:18,491 - __main__ - INFO - 📤 No simulation time available for new WebSocket connection
2025-08-17 09:31:25,365 - __main__ - INFO - 🚀 System ready signal received: 1 characters active
2025-08-17 09:31:25,368 - __main__ - INFO - 📤 No simulation time available to send to WebSocket clients
2025-08-17 09:31:40,178 - __main__ - INFO - 🔄 Turn control update from map node: mode=step
2025-08-17 09:31:40,178 - __main__ - INFO - 📤 Sending turn mode update: mode=step
2025-08-17 09:31:55,670 - __main__ - INFO - ⏰ Time advanced: 2025-08-17T09:41:17.799232
2025-08-17 09:31:57,757 - __main__ - INFO - 🔄 Turn control update from map node: mode=step
2025-08-17 09:31:57,757 - __main__ - INFO - 📤 Sending turn mode update: mode=step
2025-08-17 09:31:57,785 - __main__ - INFO - ⏰ Time advanced: 2025-08-17T09:51:17.799232
2025-08-17 09:32:00,217 - __main__ - INFO - 🔄 Turn control update from map node: mode=step
2025-08-17 09:32:00,217 - __main__ - INFO - 📤 Sending turn mode update: mode=step
2025-08-17 09:32:01,029 - __main__ - INFO - ⏰ Time advanced: 2025-08-17T10:01:17.799232
2025-08-17 09:32:03,060 - __main__ - INFO - 🔄 Turn control update from map node: mode=step
2025-08-17 09:32:03,060 - __main__ - INFO - 📤 Sending turn mode update: mode=step
2025-08-17 09:32:03,145 - __main__ - INFO - ⏰ Time advanced: 2025-08-17T10:11:17.799232
2025-08-17 09:32:07,752 - __main__ - INFO - 🔄 Turn control update from map node: mode=step
2025-08-17 09:32:07,752 - __main__ - INFO - 📤 Sending turn mode update: mode=step
2025-08-17 09:32:08,528 - __main__ - INFO - ⏰ Time advanced: 2025-08-17T10:21:17.799232
2025-08-17 09:32:10,281 - __main__ - INFO - 🔄 Turn control update from map node: mode=step
2025-08-17 09:32:10,282 - __main__ - INFO - 📤 Sending turn mode update: mode=step
2025-08-17 09:32:10,637 - __main__ - INFO - ⏰ Time advanced: 2025-08-17T10:31:17.799232
2025-08-17 09:32:10,638 - __main__ - INFO - ⏰ Time advanced: 2025-08-17T10:41:17.799232
2025-08-17 09:32:24,790 - __main__ - INFO - 🔄 Turn control update from map node: mode=step
2025-08-17 09:32:24,790 - __main__ - INFO - 📤 Sending turn mode update: mode=step
2025-08-17 09:32:28,136 - __main__ - INFO - 🔄 Turn control update from map node: mode=step
2025-08-17 09:32:28,136 - __main__ - INFO - 📤 Sending turn mode update: mode=step
2025-08-17 09:32:40,124 - __main__ - INFO - ⏰ Time advanced: 2025-08-17T10:51:17.799232
2025-08-17 09:32:51,638 - __main__ - INFO - 🔄 Turn control update from map node: mode=step
2025-08-17 09:32:51,639 - __main__ - INFO - 📤 Sending turn mode update: mode=step
2025-08-17 09:32:52,142 - __main__ - INFO - ⏰ Time advanced: 2025-08-17T11:01:17.799232
2025-08-17 09:32:54,460 - __main__ - INFO - 🔄 Turn control update from map node: mode=step
2025-08-17 09:32:54,461 - __main__ - INFO - 📤 Sending turn mode update: mode=step
2025-08-17 09:32:56,517 - __main__ - INFO - ⏰ Time advanced: 2025-08-17T11:11:17.799232
2025-08-17 09:32:59,450 - __main__ - INFO - 🔄 Turn control update from map node: mode=step
2025-08-17 09:32:59,450 - __main__ - INFO - 📤 Sending turn mode update: mode=step
2025-08-17 09:32:59,734 - __main__ - INFO - ⏰ Time advanced: 2025-08-17T11:21:17.799232
2025-08-17 09:39:09,500 - __main__ - INFO - 🔧 Debug mode enabled for FastAPI Action Display
2025-08-17 09:39:10,665 - __main__ - WARNING - Failed to query map_node for initial time: Session.get() got an unexpected keyword argument 'timeout_s'
2025-08-17 09:39:10,668 - __main__ - INFO - 📤 No simulation time available for new WebSocket connection
2025-08-17 09:39:11,679 - __main__ - INFO - 🔄 Turn control update from map node: mode=step
2025-08-17 09:39:11,679 - __main__ - INFO - 📤 Sending turn mode update: mode=step
2025-08-17 09:39:18,719 - __main__ - INFO - 🚀 System ready signal received: 1 characters active
2025-08-17 09:39:18,721 - __main__ - INFO - 📤 No simulation time available to send to WebSocket clients
2025-08-17 09:40:55,518 - __main__ - INFO - 🔄 Turn control update from map node: mode=step
2025-08-17 09:40:55,518 - __main__ - INFO - 📤 Sending turn mode update: mode=step
2025-08-17 09:41:10,649 - __main__ - INFO - ⏰ Time advanced: 2025-08-17T09:49:11.020519
2025-08-17 09:55:23,960 - __main__ - INFO - 🔧 Debug mode enabled for FastAPI Action Display
2025-08-17 09:55:25,134 - __main__ - WARNING - Failed to query map_node for initial time: Session.get() got an unexpected keyword argument 'timeout_s'
2025-08-17 09:55:25,138 - __main__ - INFO - 📤 No simulation time available for new WebSocket connection
2025-08-17 09:55:26,042 - __main__ - INFO - 🔄 Turn control update from map node: mode=step
2025-08-17 09:55:26,042 - __main__ - INFO - 📤 Sending turn mode update: mode=step
2025-08-17 09:55:33,105 - __main__ - INFO - 🚀 System ready signal received: 1 characters active
2025-08-17 09:55:33,107 - __main__ - INFO - 📤 No simulation time available to send to WebSocket clients
2025-08-17 09:55:38,979 - __main__ - INFO - 🔄 Turn control update from map node: mode=step
2025-08-17 09:55:38,980 - __main__ - INFO - 📤 Sending turn mode update: mode=step
2025-08-17 09:55:53,336 - __main__ - INFO - ⏰ Time advanced: 2025-08-17T10:05:25.441495
2025-08-17 09:55:56,779 - __main__ - INFO - 🔄 Turn control update from map node: mode=step
2025-08-17 09:55:56,780 - __main__ - INFO - 📤 Sending turn mode update: mode=step
2025-08-17 09:55:58,980 - __main__ - INFO - ⏰ Time advanced: 2025-08-17T10:15:25.441495
2025-08-17 09:56:04,053 - __main__ - INFO - 🛑 Stop command received in FastAPI
2025-08-17 09:56:04,054 - __main__ - INFO - 🛑 Stop command published to map node
2025-08-17 09:56:04,055 - __main__ - INFO - 🔄 Turn control update from map node: mode=step
2025-08-17 09:56:04,056 - __main__ - INFO - 📤 Sending turn mode update: mode=step
2025-08-17 09:56:06,513 - __main__ - INFO - 🔄 Turn control update from map node: mode=step
2025-08-17 09:56:06,514 - __main__ - INFO - 📤 Sending turn mode update: mode=step
2025-08-17 09:56:06,595 - __main__ - INFO - ⏰ Time advanced: 2025-08-17T10:25:25.441495
2025-08-17 09:56:10,622 - __main__ - INFO - 🔄 Turn control update from map node: mode=step
2025-08-17 09:56:10,622 - __main__ - INFO - 📤 Sending turn mode update: mode=step
2025-08-17 09:56:14,128 - __main__ - INFO - ⏰ Time advanced: 2025-08-17T10:35:25.441495
2025-08-17 09:56:15,373 - __main__ - INFO - 🔄 Turn control update from map node: mode=step
2025-08-17 09:56:15,374 - __main__ - INFO - 📤 Sending turn mode update: mode=step
2025-08-17 09:56:18,983 - __main__ - INFO - ⏰ Time advanced: 2025-08-17T10:45:25.441495
2025-08-17 09:58:46,108 - __main__ - INFO - 🔧 Debug mode enabled for FastAPI Action Display
2025-08-17 09:58:47,280 - __main__ - WARNING - Failed to query map_node for initial time: Session.get() got an unexpected keyword argument 'timeout_s'
2025-08-17 09:58:47,284 - __main__ - INFO - 📤 No simulation time available for new WebSocket connection
2025-08-17 09:58:48,183 - __main__ - INFO - 🔄 Turn control update from map node: mode=step
2025-08-17 09:58:48,184 - __main__ - INFO - 📤 Sending turn mode update: mode=step
2025-08-17 09:58:55,227 - __main__ - INFO - 🚀 System ready signal received: 1 characters active
2025-08-17 09:58:55,229 - __main__ - INFO - 📤 No simulation time available to send to WebSocket clients
2025-08-17 09:59:00,217 - __main__ - INFO - 🔄 Turn control update from map node: mode=step
2025-08-17 09:59:00,217 - __main__ - INFO - 📤 Sending turn mode update: mode=step
2025-08-17 09:59:15,669 - __main__ - INFO - ⏰ Time advanced: 2025-08-17T10:08:47.623674
2025-08-17 09:59:21,433 - __main__ - INFO - 🔄 Turn control update from map node: mode=step
2025-08-17 09:59:21,433 - __main__ - INFO - 📤 Sending turn mode update: mode=step
2025-08-17 09:59:22,165 - __main__ - INFO - ⏰ Time advanced: 2025-08-17T10:18:47.623674
2025-08-17 10:04:52,140 - __main__ - INFO - 🔧 Debug mode enabled for FastAPI Action Display
2025-08-17 10:04:53,333 - __main__ - WARNING - Failed to query map_node for initial time: Session.get() got an unexpected keyword argument 'timeout_s'
2025-08-17 10:04:53,339 - __main__ - INFO - 📤 No simulation time available for new WebSocket connection
2025-08-17 10:04:53,394 - __main__ - INFO - 🔄 Turn control update from map node: mode=step
2025-08-17 10:04:53,394 - __main__ - INFO - 📤 Sending turn mode update: mode=step
2025-08-17 10:05:00,439 - __main__ - INFO - 🚀 System ready signal received: 1 characters active
2025-08-17 10:05:00,440 - __main__ - INFO - 📤 No simulation time available to send to WebSocket clients
2025-08-17 10:05:07,424 - __main__ - INFO - 🔄 Turn control update from map node: mode=step
2025-08-17 10:05:07,425 - __main__ - INFO - 📤 Sending turn mode update: mode=step
2025-08-17 10:05:28,682 - __main__ - INFO - ⏰ Time advanced: 2025-08-17T10:14:52.833129
2025-08-17 10:19:35,733 - __main__ - INFO - 🔧 Debug mode enabled for FastAPI Action Display
2025-08-17 10:19:36,685 - __main__ - INFO - 🔄 Turn control update from map node: mode=step
2025-08-17 10:19:36,923 - __main__ - WARNING - Failed to query map_node for initial time: Session.get() got an unexpected keyword argument 'timeout_s'
2025-08-17 10:19:36,927 - __main__ - INFO - 📤 No simulation time available for new WebSocket connection
2025-08-17 10:19:43,858 - __main__ - INFO - 🚀 System ready signal received: 1 characters active
2025-08-17 10:19:43,862 - __main__ - INFO - 📤 No simulation time available to send to WebSocket clients
2025-08-17 10:19:49,720 - __main__ - INFO - 🔄 Turn control update from map node: mode=step
2025-08-17 10:19:49,721 - __main__ - INFO - 📤 Sending turn mode update: mode=step
2025-08-17 10:20:05,889 - __main__ - INFO - ⏰ Time advanced: 2025-08-17T10:29:36.181325
2025-08-17 10:37:25,712 - __main__ - INFO - 🔧 Debug mode enabled for FastAPI Action Display
2025-08-17 10:37:26,906 - __main__ - WARNING - Failed to query map_node for initial time: Session.get() got an unexpected keyword argument 'timeout_s'
2025-08-17 10:37:26,911 - __main__ - INFO - 📤 No simulation time available for new WebSocket connection
2025-08-17 10:37:27,103 - __main__ - INFO - 🔄 Turn control update from map node: mode=step
2025-08-17 10:37:27,103 - __main__ - INFO - 📤 Sending turn mode update: mode=step
2025-08-17 10:37:33,821 - __main__ - INFO - 🚀 System ready signal received: 1 characters active
2025-08-17 10:37:33,823 - __main__ - INFO - 📤 No simulation time available to send to WebSocket clients
2025-08-17 10:37:48,002 - __main__ - INFO - 🔄 Turn control update from map node: mode=step
2025-08-17 10:37:48,003 - __main__ - INFO - 📤 Sending turn mode update: mode=step
2025-08-17 10:38:06,527 - __main__ - INFO - ⏰ Time advanced: 2025-08-17T10:47:26.499909
2025-08-17 10:38:16,475 - __main__ - INFO - 🔄 Turn control update from map node: mode=step
2025-08-17 10:38:16,477 - __main__ - INFO - 📤 Sending turn mode update: mode=step
2025-08-17 10:38:17,442 - __main__ - INFO - ⏰ Time advanced: 2025-08-17T10:57:26.499909
2025-08-17 11:00:58,416 - __main__ - INFO - 🔧 Debug mode enabled for FastAPI Action Display
2025-08-17 11:00:59,603 - __main__ - WARNING - Failed to query map_node for initial time: Session.get() got an unexpected keyword argument 'timeout_s'
2025-08-17 11:00:59,615 - __main__ - INFO - 📤 No simulation time available for new WebSocket connection
2025-08-17 11:00:59,668 - __main__ - INFO - 🔄 Turn control update from map node: mode=step
2025-08-17 11:00:59,668 - __main__ - INFO - 📤 Sending turn mode update: mode=step
2025-08-17 11:01:06,601 - __main__ - INFO - 🚀 System ready signal received: 1 characters active
2025-08-17 11:01:06,603 - __main__ - INFO - 📤 No simulation time available to send to WebSocket clients
2025-08-17 11:01:14,458 - __main__ - INFO - 🔄 Turn control update from map node: mode=step
2025-08-17 11:01:14,459 - __main__ - INFO - 📤 Sending turn mode update: mode=step
2025-08-17 11:01:27,675 - __main__ - INFO - ⏰ Time advanced: 2025-08-17T11:26:59.103418
2025-08-17 11:01:30,523 - __main__ - INFO - 🔄 Turn control update from map node: mode=step
2025-08-17 11:01:30,524 - __main__ - INFO - 📤 Sending turn mode update: mode=step
2025-08-17 11:01:30,880 - __main__ - INFO - ⏰ Time advanced: 2025-08-17T11:50:59.103418
2025-08-17 11:01:32,843 - __main__ - INFO - 🔄 Turn control update from map node: mode=step
2025-08-17 11:01:32,843 - __main__ - INFO - 📤 Sending turn mode update: mode=step
2025-08-17 11:01:33,001 - __main__ - INFO - ⏰ Time advanced: 2025-08-17T12:11:59.103418
2025-08-17 11:01:38,440 - __main__ - INFO - 🛑 Stop command received in FastAPI
2025-08-17 11:01:38,440 - __main__ - INFO - 🛑 Stop command published to map node
2025-08-17 11:01:38,442 - __main__ - INFO - 🔄 Turn control update from map node: mode=step
2025-08-17 11:01:38,442 - __main__ - INFO - 📤 Sending turn mode update: mode=step
2025-08-17 11:02:01,301 - __main__ - INFO - 🏃 Run command received in FastAPI
2025-08-17 11:02:01,301 - __main__ - INFO - 🏃 Run command published to map node
2025-08-17 11:02:01,303 - __main__ - INFO - 🔄 Turn control update from map node: mode=run
2025-08-17 11:02:01,303 - __main__ - INFO - 📤 Sending turn mode update: mode=run
2025-08-17 11:02:16,401 - __main__ - INFO - ⏰ Time advanced: 2025-08-17T12:31:59.103418
2025-08-17 11:05:00,792 - __main__ - INFO - 🔧 Debug mode enabled for FastAPI Action Display
2025-08-17 11:05:01,923 - __main__ - INFO - 🔄 Turn control update from map node: mode=step
2025-08-17 11:05:02,044 - __main__ - WARNING - Failed to query map_node for initial time: Session.get() got an unexpected keyword argument 'timeout_s'
2025-08-17 11:05:02,052 - __main__ - INFO - 📤 No simulation time available for new WebSocket connection
2025-08-17 11:05:08,920 - __main__ - INFO - 🚀 System ready signal received: 1 characters active
2025-08-17 11:05:08,923 - __main__ - INFO - 📤 No simulation time available to send to WebSocket clients
2025-08-17 11:05:27,974 - __main__ - INFO - 🔄 Turn control update from map node: mode=step
2025-08-17 11:05:27,975 - __main__ - INFO - 📤 Sending turn mode update: mode=step
2025-08-17 11:05:43,171 - __main__ - INFO - ⏰ Time advanced: 2025-08-17T11:28:01.325602
2025-08-17 11:05:53,970 - __main__ - INFO - 🏃 Run command received in FastAPI
2025-08-17 11:05:53,971 - __main__ - INFO - 🏃 Run command published to map node
2025-08-17 11:05:53,973 - __main__ - INFO - 🔄 Turn control update from map node: mode=run
2025-08-17 11:05:53,973 - __main__ - INFO - 📤 Sending turn mode update: mode=run
2025-08-17 11:05:54,051 - __main__ - INFO - ⏰ Time advanced: 2025-08-17T11:53:01.325602
2025-08-17 11:05:58,331 - __main__ - INFO - ⏰ Time advanced: 2025-08-17T12:03:01.325602
2025-08-17 11:06:02,020 - __main__ - INFO - ⏰ Time advanced: 2025-08-17T12:28:01.325602
2025-08-17 11:06:15,873 - __main__ - INFO - ⏰ Time advanced: 2025-08-17T12:55:01.325602
2025-08-17 11:07:21,270 - __main__ - INFO - ⏰ Time advanced: 2025-08-17T13:05:01.325602
2025-08-17 11:07:27,407 - __main__ - INFO - 🛑 Stop command received in FastAPI
2025-08-17 11:07:27,407 - __main__ - INFO - 🛑 Stop command published to map node
2025-08-17 11:07:27,408 - __main__ - INFO - 🔄 Turn control update from map node: mode=step
2025-08-17 11:07:27,409 - __main__ - INFO - 📤 Sending turn mode update: mode=step
2025-08-17 11:08:46,455 - __main__ - INFO - 🛑 Stop command received in FastAPI
2025-08-17 11:08:46,456 - __main__ - INFO - 🛑 Stop command published to map node
2025-08-17 11:08:46,457 - __main__ - INFO - 🔄 Turn control update from map node: mode=step
2025-08-17 11:08:46,457 - __main__ - INFO - 📤 Sending turn mode update: mode=step
2025-08-17 11:08:49,787 - __main__ - INFO - 🛑 Stop command received in FastAPI
2025-08-17 11:08:49,788 - __main__ - INFO - 🛑 Stop command published to map node
2025-08-17 11:08:49,789 - __main__ - INFO - 🔄 Turn control update from map node: mode=step
2025-08-17 11:08:49,789 - __main__ - INFO - 📤 Sending turn mode update: mode=step
2025-08-17 11:08:50,692 - __main__ - INFO - 🛑 Stop command received in FastAPI
2025-08-17 11:08:50,692 - __main__ - INFO - 🛑 Stop command published to map node
2025-08-17 11:08:50,693 - __main__ - INFO - 🔄 Turn control update from map node: mode=step
2025-08-17 11:08:50,693 - __main__ - INFO - 📤 Sending turn mode update: mode=step
2025-08-17 11:12:39,231 - __main__ - INFO - 🔧 Debug mode enabled for FastAPI Action Display
2025-08-17 11:12:41,482 - __main__ - INFO - 🔄 Turn control update from map node: mode=step
2025-08-17 11:12:45,992 - __main__ - WARNING - Failed to query map_node for initial time: Session.get() got an unexpected keyword argument 'timeout_s'
2025-08-17 11:12:46,005 - __main__ - INFO - 📤 No simulation time available for new WebSocket connection
2025-08-17 11:12:48,422 - __main__ - INFO - 🚀 System ready signal received: 1 characters active
2025-08-17 11:12:48,426 - __main__ - INFO - 📤 No simulation time available to send to WebSocket clients
2025-08-17 11:12:55,342 - __main__ - INFO - 🔄 Turn control update from map node: mode=step
2025-08-17 11:12:55,343 - __main__ - INFO - 📤 Sending turn mode update: mode=step
2025-08-17 11:13:11,844 - __main__ - INFO - ⏰ Time advanced: 2025-08-17T11:33:40.835537
2025-08-17 11:25:06,413 - __main__ - INFO - 🔧 Debug mode enabled for FastAPI Action Display
2025-08-17 11:25:07,590 - __main__ - WARNING - Failed to query map_node for initial time: Session.get() got an unexpected keyword argument 'timeout_s'
2025-08-17 11:25:07,594 - __main__ - INFO - 📤 No simulation time available for new WebSocket connection
2025-08-17 11:25:08,437 - __main__ - INFO - 🔄 Turn control update from map node: mode=step
2025-08-17 11:25:08,437 - __main__ - INFO - 📤 Sending turn mode update: mode=step
2025-08-17 11:25:15,506 - __main__ - INFO - 🚀 System ready signal received: 1 characters active
2025-08-17 11:25:15,508 - __main__ - INFO - 📤 No simulation time available to send to WebSocket clients
2025-08-17 11:25:21,998 - __main__ - INFO - 🔄 Turn control update from map node: mode=step
2025-08-17 11:25:21,999 - __main__ - INFO - 📤 Sending turn mode update: mode=step
2025-08-17 11:25:37,858 - __main__ - INFO - ⏰ Time advanced: 2025-08-17T11:47:07.890264
2025-08-17 11:27:44,407 - __main__ - INFO - 🔧 Debug mode enabled for FastAPI Action Display
2025-08-17 11:27:45,597 - __main__ - WARNING - Failed to query map_node for initial time: Session.get() got an unexpected keyword argument 'timeout_s'
2025-08-17 11:27:45,601 - __main__ - INFO - 📤 No simulation time available for new WebSocket connection
2025-08-17 11:27:45,675 - __main__ - INFO - 🔄 Turn control update from map node: mode=step
2025-08-17 11:27:45,675 - __main__ - INFO - 📤 Sending turn mode update: mode=step
2025-08-17 11:27:52,588 - __main__ - INFO - 🚀 System ready signal received: 1 characters active
2025-08-17 11:27:52,590 - __main__ - INFO - 📤 No simulation time available to send to WebSocket clients
2025-08-17 11:27:58,252 - __main__ - INFO - 🔄 Turn control update from map node: mode=step
2025-08-17 11:27:58,252 - __main__ - INFO - 📤 Sending turn mode update: mode=step
2025-08-17 11:28:13,290 - __main__ - INFO - ⏰ Time advanced: 2025-08-17T11:52:45.080279
2025-08-17 11:28:15,811 - __main__ - INFO - 🔄 Turn control update from map node: mode=step
2025-08-17 11:28:15,811 - __main__ - INFO - 📤 Sending turn mode update: mode=step
2025-08-17 11:28:16,505 - __main__ - INFO - ⏰ Time advanced: 2025-08-17T12:17:45.080279
2025-08-17 11:28:17,628 - __main__ - INFO - 🔄 Turn control update from map node: mode=step
2025-08-17 11:28:17,628 - __main__ - INFO - 📤 Sending turn mode update: mode=step
2025-08-17 11:28:18,618 - __main__ - INFO - ⏰ Time advanced: 2025-08-17T12:39:45.080279
2025-08-17 11:28:21,251 - __main__ - INFO - 🏃 Run command received in FastAPI
2025-08-17 11:28:21,251 - __main__ - INFO - 🏃 Run command published to map node
2025-08-17 11:28:21,252 - __main__ - INFO - 🔄 Turn control update from map node: mode=run
2025-08-17 11:28:21,253 - __main__ - INFO - 📤 Sending turn mode update: mode=run
2025-08-17 11:28:35,616 - __main__ - INFO - ⏰ Time advanced: 2025-08-17T13:05:45.080279
2025-08-17 11:28:36,625 - __main__ - INFO - ⏰ Time advanced: 2025-08-17T13:26:45.080279
2025-08-17 11:28:37,638 - __main__ - INFO - ⏰ Time advanced: 2025-08-17T13:53:45.080279
2025-08-17 11:28:37,806 - __main__ - INFO - 🛑 Stop command received in FastAPI
2025-08-17 11:28:37,807 - __main__ - INFO - 🛑 Stop command published to map node
2025-08-17 11:28:37,808 - __main__ - INFO - 🔄 Turn control update from map node: mode=step
2025-08-17 11:28:37,808 - __main__ - INFO - 📤 Sending turn mode update: mode=step
2025-08-17 11:28:56,180 - __main__ - INFO - ⏰ Time advanced: 2025-08-17T14:17:45.080279
2025-08-17 11:29:45,835 - __main__ - INFO - 🔧 Debug mode enabled for FastAPI Action Display
2025-08-17 11:29:46,943 - __main__ - INFO - 🔄 Turn control update from map node: mode=step
2025-08-17 11:29:47,071 - __main__ - WARNING - Failed to query map_node for initial time: Session.get() got an unexpected keyword argument 'timeout_s'
2025-08-17 11:29:47,078 - __main__ - INFO - 📤 No simulation time available for new WebSocket connection
2025-08-17 11:30:01,511 - __main__ - INFO - 🚀 System ready signal received: 4 characters active
2025-08-17 11:30:01,512 - __main__ - INFO - 📤 No simulation time available to send to WebSocket clients
2025-08-17 11:30:14,687 - __main__ - INFO - 🔄 Turn control update from map node: mode=step
2025-08-17 11:30:14,688 - __main__ - INFO - 📤 Sending turn mode update: mode=step
2025-08-17 11:30:40,467 - __main__ - INFO - ⏰ Time advanced: 2024-06-15T06:56:00+00:00
2025-08-17 11:30:47,062 - __main__ - INFO - 🔄 Turn control update from map node: mode=step
2025-08-17 11:30:47,062 - __main__ - INFO - 📤 Sending turn mode update: mode=step
2025-08-17 11:31:13,329 - __main__ - INFO - ⏰ Time advanced: 2024-06-15T07:20:00+00:00
2025-08-17 11:31:22,154 - __main__ - INFO - 🔄 Turn control update from map node: mode=step
2025-08-17 11:31:22,154 - __main__ - INFO - 📤 Sending turn mode update: mode=step
2025-08-17 11:31:45,951 - __main__ - INFO - ⏰ Time advanced: 2024-06-15T07:43:00+00:00
2025-08-17 11:32:01,228 - __main__ - INFO - 🔄 Turn control update from map node: mode=step
2025-08-17 11:32:01,228 - __main__ - INFO - 📤 Sending turn mode update: mode=step
2025-08-17 11:32:57,176 - __main__ - INFO - 🔧 Debug mode enabled for FastAPI Action Display
2025-08-17 11:32:58,352 - __main__ - WARNING - Failed to query map_node for initial time: Session.get() got an unexpected keyword argument 'timeout_s'
2025-08-17 11:32:58,358 - __main__ - INFO - 📤 No simulation time available for new WebSocket connection
2025-08-17 11:32:58,482 - __main__ - INFO - 🔄 Turn control update from map node: mode=step
2025-08-17 11:32:58,482 - __main__ - INFO - 📤 Sending turn mode update: mode=step
2025-08-17 11:33:05,549 - __main__ - INFO - 🚀 System ready signal received: 1 characters active
2025-08-17 11:33:05,550 - __main__ - INFO - 📤 No simulation time available to send to WebSocket clients
2025-08-17 11:33:11,389 - __main__ - INFO - 🔄 Turn control update from map node: mode=step
2025-08-17 11:33:11,389 - __main__ - INFO - 📤 Sending turn mode update: mode=step
2025-08-17 11:33:31,583 - __main__ - INFO - ⏰ Time advanced: 2025-08-17T11:56:57.935391
2025-08-17 11:33:37,347 - __main__ - INFO - 🔄 Turn control update from map node: mode=step
2025-08-17 11:33:37,348 - __main__ - INFO - 📤 Sending turn mode update: mode=step
2025-08-17 11:33:38,079 - __main__ - INFO - ⏰ Time advanced: 2025-08-17T12:19:57.935391
2025-08-17 11:33:42,901 - __main__ - INFO - 🔄 Turn control update from map node: mode=step
2025-08-17 11:33:42,901 - __main__ - INFO - 📤 Sending turn mode update: mode=step
2025-08-17 11:33:43,523 - __main__ - INFO - ⏰ Time advanced: 2025-08-17T12:46:57.935391
2025-08-17 11:33:45,303 - __main__ - INFO - 🔄 Turn control update from map node: mode=step
2025-08-17 11:33:45,303 - __main__ - INFO - 📤 Sending turn mode update: mode=step
2025-08-17 11:34:00,718 - __main__ - INFO - ⏰ Time advanced: 2025-08-17T13:15:57.935391
2025-08-17 13:29:12,342 - __main__ - INFO - 🔧 Debug mode enabled for FastAPI Action Display
2025-08-17 13:29:13,527 - __main__ - WARNING - Failed to query map_node for initial time: Session.get() got an unexpected keyword argument 'timeout_s'
2025-08-17 13:29:13,531 - __main__ - INFO - 📤 No simulation time available for new WebSocket connection
2025-08-17 13:29:14,778 - __main__ - INFO - 🔄 Turn control update from map node: mode=step
2025-08-17 13:29:14,778 - __main__ - INFO - 📤 Sending turn mode update: mode=step
2025-08-17 13:29:29,032 - __main__ - INFO - 🚀 System ready signal received: 4 characters active
2025-08-17 13:29:29,034 - __main__ - INFO - 📤 No simulation time available to send to WebSocket clients
2025-08-17 13:29:38,496 - __main__ - INFO - 🔄 Turn control update from map node: mode=step
2025-08-17 13:29:38,497 - __main__ - INFO - 📤 Sending turn mode update: mode=step
2025-08-17 13:30:08,882 - __main__ - INFO - ⏰ Time advanced: 2024-06-15T06:34:00+00:00
2025-08-17 13:30:32,999 - __main__ - INFO - 🔄 Turn control update from map node: mode=step
2025-08-17 13:30:32,999 - __main__ - INFO - 📤 Sending turn mode update: mode=step
2025-08-17 13:30:40,979 - __main__ - INFO - ⏰ Time advanced: 2024-06-15T06:38:00+00:00
2025-08-17 13:31:15,641 - __main__ - INFO - 🔄 Turn control update from map node: mode=step
2025-08-17 13:31:15,642 - __main__ - INFO - 📤 Sending turn mode update: mode=step
2025-08-17 13:31:41,177 - __main__ - INFO - ⏰ Time advanced: 2024-06-15T06:42:00+00:00
2025-08-17 13:31:44,795 - __main__ - INFO - 🔄 Turn control update from map node: mode=step
2025-08-17 13:31:44,796 - __main__ - INFO - 📤 Sending turn mode update: mode=step
2025-08-17 13:31:45,654 - __main__ - INFO - ⏰ Time advanced: 2024-06-15T06:44:00+00:00
2025-08-17 13:31:49,835 - __main__ - INFO - 🏃 Run command received in FastAPI
2025-08-17 13:31:49,836 - __main__ - INFO - 🏃 Run command published to map node
2025-08-17 13:31:49,837 - __main__ - INFO - 🔄 Turn control update from map node: mode=run
2025-08-17 13:31:49,838 - __main__ - INFO - 📤 Sending turn mode update: mode=run
2025-08-17 13:31:50,933 - __main__ - INFO - ⏰ Time advanced: 2024-06-15T06:48:00+00:00
2025-08-17 13:31:51,924 - __main__ - INFO - ⏰ Time advanced: 2024-06-15T06:51:00+00:00
2025-08-17 13:31:52,954 - __main__ - INFO - ⏰ Time advanced: 2024-06-15T06:54:00+00:00
2025-08-17 13:31:53,962 - __main__ - INFO - ⏰ Time advanced: 2024-06-15T06:57:00+00:00
2025-08-17 13:31:55,737 - __main__ - INFO - ⏰ Time advanced: 2024-06-15T07:01:00+00:00
2025-08-17 13:32:02,628 - __main__ - INFO - ⏰ Time advanced: 2024-06-15T07:11:00+00:00
2025-08-17 13:32:10,854 - __main__ - INFO - ⏰ Time advanced: 2024-06-15T07:15:00+00:00
2025-08-17 13:32:16,045 - __main__ - INFO - ⏰ Time advanced: 2024-06-15T07:17:00+00:00
2025-08-17 13:32:23,237 - __main__ - INFO - ⏰ Time advanced: 2024-06-15T07:21:00+00:00
2025-08-17 13:32:24,251 - __main__ - INFO - ⏰ Time advanced: 2024-06-15T07:23:00+00:00
2025-08-17 13:32:25,268 - __main__ - INFO - ⏰ Time advanced: 2024-06-15T07:25:00+00:00
2025-08-17 13:32:26,290 - __main__ - INFO - ⏰ Time advanced: 2024-06-15T07:27:00+00:00
2025-08-17 13:32:30,575 - __main__ - INFO - ⏰ Time advanced: 2024-06-15T07:31:00+00:00
2025-08-17 13:32:46,015 - __main__ - INFO - 🛑 Stop command received in FastAPI
2025-08-17 13:32:46,015 - __main__ - INFO - 🛑 Stop command published to map node
2025-08-17 13:32:46,016 - __main__ - INFO - 🔄 Turn control update from map node: mode=step
2025-08-17 13:32:46,016 - __main__ - INFO - 📤 Sending turn mode update: mode=step
2025-08-17 13:32:55,202 - __main__ - INFO - ⏰ Time advanced: 2024-06-15T07:34:00+00:00
2025-08-17 13:32:57,374 - __main__ - INFO - 🔄 Turn control update from map node: mode=step
2025-08-17 13:32:57,374 - __main__ - INFO - 📤 Sending turn mode update: mode=step
2025-08-17 13:33:05,040 - __main__ - INFO - ⏰ Time advanced: 2024-06-15T07:36:00+00:00
2025-08-17 18:34:54,620 - __main__ - INFO - 🔧 Debug mode enabled for FastAPI Action Display
2025-08-17 18:34:55,836 - __main__ - WARNING - Failed to query map_node for initial time: Session.get() got an unexpected keyword argument 'timeout_s'
2025-08-17 18:34:55,840 - __main__ - INFO - 📤 No simulation time available for new WebSocket connection
2025-08-17 18:34:55,873 - __main__ - INFO - 🔄 Turn control update from map node: mode=step
2025-08-17 18:34:55,873 - __main__ - INFO - 📤 Sending turn mode update: mode=step
2025-08-17 18:35:10,342 - __main__ - INFO - 🚀 System ready signal received: 4 characters active
2025-08-17 18:35:10,343 - __main__ - INFO - 📤 No simulation time available to send to WebSocket clients
2025-08-17 18:35:16,549 - __main__ - INFO - 🔄 Turn control update from map node: mode=step
2025-08-17 18:35:16,549 - __main__ - INFO - 📤 Sending turn mode update: mode=step
2025-08-17 18:35:45,382 - __main__ - INFO - ⏰ Time advanced: 2024-06-15T06:35:00+00:00
2025-08-17 18:35:53,128 - __main__ - INFO - 🔄 Turn control update from map node: mode=step
2025-08-17 18:35:53,128 - __main__ - INFO - 📤 Sending turn mode update: mode=step
2025-08-17 18:36:19,673 - __main__ - INFO - ⏰ Time advanced: 2024-06-15T06:38:00+00:00
2025-08-17 18:36:36,386 - __main__ - INFO - 🔄 Turn control update from map node: mode=step
2025-08-17 18:36:36,387 - __main__ - INFO - 📤 Sending turn mode update: mode=step
2025-08-17 18:36:37,205 - __main__ - INFO - ⏰ Time advanced: 2024-06-15T06:41:00+00:00
2025-08-17 18:36:40,575 - __main__ - INFO - 🔄 Turn control update from map node: mode=step
2025-08-17 18:36:40,576 - __main__ - INFO - 📤 Sending turn mode update: mode=step
2025-08-17 18:36:42,840 - __main__ - INFO - ⏰ Time advanced: 2024-06-15T06:43:00+00:00
2025-08-17 18:36:44,415 - __main__ - INFO - 🔄 Turn control update from map node: mode=step
2025-08-17 18:36:44,416 - __main__ - INFO - 📤 Sending turn mode update: mode=step
2025-08-17 18:38:06,204 - __main__ - INFO - ⏰ Time advanced: 2024-06-15T06:45:00+00:00
2025-08-17 18:38:20,317 - __main__ - INFO - 🔄 Turn control update from map node: mode=step
2025-08-17 18:38:20,317 - __main__ - INFO - 📤 Sending turn mode update: mode=step
2025-08-17 18:38:25,377 - __main__ - INFO - ⏰ Time advanced: 2024-06-15T06:50:00+00:00
2025-08-17 18:38:26,817 - __main__ - INFO - 🔄 Turn control update from map node: mode=step
2025-08-17 18:38:26,818 - __main__ - INFO - 📤 Sending turn mode update: mode=step
2025-08-17 18:38:34,161 - __main__ - INFO - ⏰ Time advanced: 2024-06-15T06:53:00+00:00
2025-08-17 18:38:36,742 - __main__ - INFO - 🔄 Turn control update from map node: mode=step
2025-08-17 18:38:36,742 - __main__ - INFO - 📤 Sending turn mode update: mode=step
2025-08-17 18:38:38,528 - __main__ - INFO - ⏰ Time advanced: 2024-06-15T06:56:00+00:00
2025-08-17 18:41:50,262 - __main__ - INFO - 🔧 Debug mode enabled for FastAPI Action Display
2025-08-17 18:41:51,509 - __main__ - WARNING - Failed to query map_node for initial time: Session.get() got an unexpected keyword argument 'timeout_s'
2025-08-17 18:41:51,513 - __main__ - INFO - 📤 No simulation time available for new WebSocket connection
2025-08-17 18:41:51,552 - __main__ - INFO - 🔄 Turn control update from map node: mode=step
2025-08-17 18:41:51,552 - __main__ - INFO - 📤 Sending turn mode update: mode=step
2025-08-17 18:42:05,864 - __main__ - INFO - 🚀 System ready signal received: 4 characters active
2025-08-17 18:42:05,865 - __main__ - INFO - 📤 No simulation time available to send to WebSocket clients
2025-08-17 18:42:23,678 - __main__ - INFO - 🔄 Turn control update from map node: mode=step
2025-08-17 18:42:23,679 - __main__ - INFO - 📤 Sending turn mode update: mode=step
2025-08-17 18:42:52,606 - __main__ - INFO - ⏰ Time advanced: 2024-06-15T06:32:00+00:00
2025-08-17 18:44:49,633 - __main__ - INFO - 🔄 Turn control update from map node: mode=step
2025-08-17 18:44:49,633 - __main__ - INFO - 📤 Sending turn mode update: mode=step
2025-08-17 18:44:50,281 - __main__ - INFO - ⏰ Time advanced: 2024-06-15T06:37:00+00:00
2025-08-17 18:44:59,749 - __main__ - INFO - 🏃 Run command received in FastAPI
2025-08-17 18:44:59,749 - __main__ - INFO - 🏃 Run command published to map node
2025-08-17 18:44:59,750 - __main__ - INFO - 🔄 Turn control update from map node: mode=run
2025-08-17 18:44:59,751 - __main__ - INFO - 📤 Sending turn mode update: mode=run
2025-08-17 18:45:23,877 - __main__ - INFO - ⏰ Time advanced: 2024-06-15T06:40:00+00:00
2025-08-17 18:45:25,975 - __main__ - INFO - ⏰ Time advanced: 2024-06-15T06:42:00+00:00
2025-08-17 18:45:56,634 - __main__ - INFO - ⏰ Time advanced: 2024-06-15T06:44:00+00:00
2025-08-17 18:45:59,419 - __main__ - INFO - ⏰ Time advanced: 2024-06-15T06:47:00+00:00
2025-08-17 18:46:06,067 - __main__ - INFO - ⏰ Time advanced: 2024-06-15T06:57:00+00:00
2025-08-17 18:46:16,456 - __main__ - INFO - ⏰ Time advanced: 2024-06-15T07:00:00+00:00
2025-08-17 18:46:17,491 - __main__ - INFO - ⏰ Time advanced: 2024-06-15T07:02:00+00:00
2025-08-17 18:50:17,456 - __main__ - INFO - 🔧 Debug mode enabled for FastAPI Action Display
2025-08-17 18:50:18,416 - __main__ - INFO - 🔄 Turn control update from map node: mode=step
2025-08-17 18:50:18,661 - __main__ - WARNING - Failed to query map_node for initial time: Session.get() got an unexpected keyword argument 'timeout_s'
2025-08-17 18:50:18,665 - __main__ - INFO - 📤 No simulation time available for new WebSocket connection
2025-08-17 18:50:32,994 - __main__ - INFO - 🚀 System ready signal received: 4 characters active
2025-08-17 18:50:32,995 - __main__ - INFO - 📤 No simulation time available to send to WebSocket clients
2025-08-17 18:50:49,296 - __main__ - INFO - 🔄 Turn control update from map node: mode=step
2025-08-17 18:50:49,296 - __main__ - INFO - 📤 Sending turn mode update: mode=step
2025-08-17 18:51:23,240 - __main__ - INFO - ⏰ Time advanced: 2024-06-15T06:34:00+00:00
2025-08-17 18:52:29,473 - __main__ - INFO - 🔄 Turn control update from map node: mode=step
2025-08-17 18:52:29,474 - __main__ - INFO - 📤 Sending turn mode update: mode=step
2025-08-17 18:52:45,708 - __main__ - INFO - ⏰ Time advanced: 2024-06-15T06:37:00+00:00
2025-08-17 18:53:01,135 - __main__ - INFO - 🏃 Run command received in FastAPI
2025-08-17 18:53:01,136 - __main__ - INFO - 🏃 Run command published to map node
2025-08-17 18:53:01,137 - __main__ - INFO - 🔄 Turn control update from map node: mode=run
2025-08-17 18:53:01,138 - __main__ - INFO - 📤 Sending turn mode update: mode=run
2025-08-17 18:53:32,890 - __main__ - INFO - ⏰ Time advanced: 2024-06-15T06:39:00+00:00
2025-08-17 18:53:33,916 - __main__ - INFO - ⏰ Time advanced: 2024-06-15T06:41:00+00:00
2025-08-17 18:54:09,405 - __main__ - INFO - ⏰ Time advanced: 2024-06-15T06:44:00+00:00
2025-08-17 18:54:10,441 - __main__ - INFO - ⏰ Time advanced: 2024-06-15T06:47:00+00:00
2025-08-17 18:54:40,700 - __main__ - INFO - ⏰ Time advanced: 2024-06-15T06:50:00+00:00
2025-08-17 18:54:43,524 - __main__ - INFO - ⏰ Time advanced: 2024-06-15T06:53:00+00:00
2025-08-17 18:55:14,431 - __main__ - INFO - ⏰ Time advanced: 2024-06-15T06:56:00+00:00
2025-08-17 18:55:42,105 - __main__ - INFO - ⏰ Time advanced: 2024-06-15T06:59:00+00:00
2025-08-17 18:57:30,525 - __main__ - INFO - ⏰ Time advanced: 2024-06-15T07:01:00+00:00
2025-08-17 18:57:56,326 - __main__ - INFO - ⏰ Time advanced: 2024-06-15T07:03:00+00:00
2025-08-17 18:58:03,770 - __main__ - INFO - ⏰ Time advanced: 2024-06-15T07:08:00+00:00
2025-08-17 18:58:32,131 - __main__ - INFO - ⏰ Time advanced: 2024-06-15T07:13:00+00:00
2025-08-17 18:59:03,427 - __main__ - INFO - ⏰ Time advanced: 2024-06-15T07:17:00+00:00
2025-08-17 18:59:06,136 - __main__ - INFO - ⏰ Time advanced: 2024-06-15T07:20:00+00:00
2025-08-17 18:59:32,192 - __main__ - INFO - ⏰ Time advanced: 2024-06-15T07:22:00+00:00
2025-08-17 18:59:33,227 - __main__ - INFO - ⏰ Time advanced: 2024-06-15T07:25:00+00:00
2025-08-17 19:00:03,523 - __main__ - INFO - ⏰ Time advanced: 2024-06-15T07:27:00+00:00
2025-08-17 19:00:04,564 - __main__ - INFO - ⏰ Time advanced: 2024-06-15T07:30:00+00:00
2025-08-17 19:00:33,159 - __main__ - INFO - ⏰ Time advanced: 2024-06-15T07:34:00+00:00
2025-08-17 19:01:58,886 - __main__ - INFO - ⏰ Time advanced: 2024-06-15T07:37:00+00:00
2025-08-17 19:02:01,284 - __main__ - INFO - ⏰ Time advanced: 2024-06-15T07:40:00+00:00
2025-08-17 19:02:07,898 - __main__ - INFO - ⏰ Time advanced: 2024-06-15T07:45:00+00:00
2025-08-17 19:02:16,321 - __main__ - INFO - ⏰ Time advanced: 2024-06-15T07:48:00+00:00
2025-08-17 19:02:28,369 - __main__ - INFO - ⏰ Time advanced: 2024-06-15T07:50:00+00:00
2025-08-17 19:15:47,475 - __main__ - INFO - 🔧 Debug mode enabled for FastAPI Action Display
2025-08-17 19:15:48,669 - __main__ - WARNING - Failed to query map_node for initial time: Session.get() got an unexpected keyword argument 'timeout_s'
2025-08-17 19:15:48,673 - __main__ - INFO - 📤 No simulation time available for new WebSocket connection
2025-08-17 19:15:49,607 - __main__ - INFO - 🔄 Turn control update from map node: mode=step
2025-08-17 19:15:49,607 - __main__ - INFO - 📤 Sending turn mode update: mode=step
2025-08-17 19:16:04,247 - __main__ - INFO - 🚀 System ready signal received: 4 characters active
2025-08-17 19:16:04,248 - __main__ - INFO - 📤 No simulation time available to send to WebSocket clients
2025-08-17 19:16:39,292 - __main__ - INFO - 🏃 Run command received in FastAPI
2025-08-17 19:16:39,293 - __main__ - INFO - 🏃 Run command published to map node
2025-08-17 19:16:39,294 - __main__ - INFO - 🔄 Turn control update from map node: mode=run
2025-08-17 19:16:39,295 - __main__ - INFO - 📤 Sending turn mode update: mode=run
2025-08-17 19:17:09,474 - __main__ - INFO - ⏰ Time advanced: 2024-06-15T06:34:00+00:00
2025-08-17 19:17:11,769 - __main__ - INFO - ⏰ Time advanced: 2024-06-15T06:37:00+00:00
2025-08-17 19:17:37,587 - __main__ - INFO - ⏰ Time advanced: 2024-06-15T06:39:00+00:00
2025-08-17 19:17:39,873 - __main__ - INFO - ⏰ Time advanced: 2024-06-15T06:43:00+00:00
2025-08-17 19:18:06,754 - __main__ - INFO - ⏰ Time advanced: 2024-06-15T06:45:00+00:00
2025-08-17 19:18:09,188 - __main__ - INFO - ⏰ Time advanced: 2024-06-15T06:47:00+00:00
2025-08-17 19:18:10,203 - __main__ - INFO - ⏰ Time advanced: 2024-06-15T06:49:00+00:00
2025-08-17 19:18:39,672 - __main__ - INFO - ⏰ Time advanced: 2024-06-15T06:52:00+00:00
2025-08-17 19:18:45,464 - __main__ - INFO - ⏰ Time advanced: 2024-06-15T06:55:00+00:00
2025-08-17 19:47:40,721 - __main__ - WARNING - Failed to query map_node for initial time: Session.get() got an unexpected keyword argument 'timeout_s'
2025-08-17 19:47:40,738 - __main__ - INFO - 📤 No simulation time available for new WebSocket connection
2025-08-17 19:47:41,052 - __main__ - INFO - 🔄 Turn control update from map node: mode=step
2025-08-17 19:47:41,052 - __main__ - INFO - 📤 Sending turn mode update: mode=step
2025-08-17 19:47:56,134 - __main__ - INFO - 🚀 System ready signal received: 4 characters active
2025-08-17 19:47:56,135 - __main__ - INFO - 📤 No simulation time available to send to WebSocket clients
2025-08-17 19:48:08,675 - __main__ - INFO - 🔄 Turn control update from map node: mode=step
2025-08-17 19:48:08,676 - __main__ - INFO - 📤 Sending turn mode update: mode=step
2025-08-17 19:48:31,715 - __main__ - INFO - ⏰ Time advanced: 2025-08-17T19:49:40.989314
2025-08-17 19:50:44,487 - __main__ - INFO - 🏃 Run command received in FastAPI
2025-08-17 19:50:44,488 - __main__ - INFO - 🏃 Run command published to map node
2025-08-17 19:50:44,492 - __main__ - INFO - 🔄 Turn control update from map node: mode=run
2025-08-17 19:50:44,492 - __main__ - INFO - 📤 Sending turn mode update: mode=run
2025-08-17 19:50:48,209 - __main__ - INFO - ⏰ Time advanced: 2025-08-17T19:58:41.058409
2025-08-17 19:50:57,922 - __main__ - INFO - ⏰ Time advanced: 2025-08-17T20:00:41.058409
2025-08-17 19:51:01,457 - __main__ - INFO - ⏰ Time advanced: 2025-08-17T20:05:41.058409
2025-08-17 19:51:08,219 - __main__ - INFO - ⏰ Time advanced: 2025-08-17T20:09:41.058409
2025-08-17 19:51:20,008 - __main__ - INFO - ⏰ Time advanced: 2025-08-17T20:12:41.058409
2025-08-17 19:51:25,751 - __main__ - INFO - ⏰ Time advanced: 2025-08-17T20:14:41.058409
2025-08-17 19:51:29,953 - __main__ - INFO - ⏰ Time advanced: 2025-08-17T20:19:41.058409
2025-08-17 19:51:35,769 - __main__ - INFO - ⏰ Time advanced: 2025-08-17T20:21:41.058409
2025-08-17 19:51:42,150 - __main__ - INFO - ⏰ Time advanced: 2025-08-17T20:24:41.058409
2025-08-17 19:51:47,670 - __main__ - INFO - ⏰ Time advanced: 2025-08-17T20:29:41.058409
2025-08-17 19:51:52,542 - __main__ - INFO - ⏰ Time advanced: 2025-08-17T20:39:41.058409
2025-08-17 19:52:01,142 - __main__ - INFO - ⏰ Time advanced: 2025-08-17T20:41:41.058409
2025-08-17 19:52:05,271 - __main__ - INFO - ⏰ Time advanced: 2025-08-17T20:44:41.058409
2025-08-17 19:52:11,215 - __main__ - INFO - ⏰ Time advanced: 2025-08-17T20:46:41.058409
2025-08-17 20:05:22,921 - __main__ - INFO - 🔄 Turn control update from map node: mode=step
2025-08-17 20:05:29,878 - __main__ - WARNING - Failed to query map_node for initial time: Session.get() got an unexpected keyword argument 'timeout_s'
2025-08-17 20:05:29,882 - __main__ - INFO - 📤 No simulation time available for new WebSocket connection
2025-08-17 20:05:37,598 - __main__ - INFO - 🚀 System ready signal received: 4 characters active
2025-08-17 20:05:37,599 - __main__ - INFO - 📤 No simulation time available to send to WebSocket clients
2025-08-17 20:10:45,198 - __main__ - WARNING - Failed to query map_node for initial time: Session.get() got an unexpected keyword argument 'timeout_s'
2025-08-17 20:10:45,203 - __main__ - INFO - 📤 No simulation time available for new WebSocket connection
2025-08-17 20:10:46,276 - __main__ - INFO - 🔄 Turn control update from map node: mode=step
2025-08-17 20:10:46,276 - __main__ - INFO - 📤 Sending turn mode update: mode=step
2025-08-17 20:11:00,627 - __main__ - INFO - 🚀 System ready signal received: 4 characters active
2025-08-17 20:11:00,628 - __main__ - INFO - 📤 No simulation time available to send to WebSocket clients
2025-08-17 20:11:28,408 - __main__ - INFO - 🔄 Turn control update from map node: mode=step
2025-08-17 20:11:28,408 - __main__ - INFO - 📤 Sending turn mode update: mode=step
2025-08-17 20:11:41,066 - __main__ - INFO - ⏰ Time advanced: 1865-07-15T06:34:00+01:00
2025-08-17 20:12:28,546 - __main__ - INFO - 🏃 Run command received in FastAPI
2025-08-17 20:12:28,547 - __main__ - INFO - 🏃 Run command published to map node
2025-08-17 20:12:28,547 - __main__ - INFO - 🔄 Turn control update from map node: mode=run
2025-08-17 20:12:28,548 - __main__ - INFO - 📤 Sending turn mode update: mode=run
2025-08-17 20:12:34,711 - __main__ - INFO - ⏰ Time advanced: 1865-07-15T06:44:00+01:00
2025-08-17 20:12:46,886 - __main__ - INFO - ⏰ Time advanced: 1865-07-15T06:47:00+01:00
2025-08-17 20:12:57,911 - __main__ - INFO - ⏰ Time advanced: 1865-07-15T06:51:00+01:00
2025-08-17 20:13:08,917 - __main__ - INFO - ⏰ Time advanced: 1865-07-15T06:55:00+01:00
2025-08-17 20:13:33,874 - __main__ - INFO - ⏰ Time advanced: 1865-07-15T06:58:00+01:00
2025-08-17 20:13:39,855 - __main__ - INFO - ⏰ Time advanced: 1865-07-15T07:00:00+01:00
2025-08-17 20:13:45,936 - __main__ - INFO - ⏰ Time advanced: 1865-07-15T07:10:00+01:00
2025-08-17 20:13:57,824 - __main__ - INFO - ⏰ Time advanced: 1865-07-15T07:12:00+01:00
2025-08-17 20:14:01,887 - __main__ - INFO - ⏰ Time advanced: 1865-07-15T07:15:00+01:00
2025-08-17 20:14:08,027 - __main__ - INFO - ⏰ Time advanced: 1865-07-15T07:17:00+01:00
2025-08-17 20:14:13,151 - __main__ - INFO - ⏰ Time advanced: 1865-07-15T07:27:00+01:00
2025-08-17 20:14:25,575 - __main__ - INFO - ⏰ Time advanced: 1865-07-15T07:29:00+01:00
2025-08-17 20:14:32,722 - __main__ - INFO - ⏰ Time advanced: 1865-07-15T07:39:00+01:00
2025-08-17 20:14:45,113 - __main__ - INFO - ⏰ Time advanced: 1865-07-15T07:42:00+01:00
2025-08-17 20:14:51,780 - __main__ - INFO - ⏰ Time advanced: 1865-07-15T07:52:00+01:00
2025-08-17 20:15:04,284 - __main__ - INFO - ⏰ Time advanced: 1865-07-15T07:55:00+01:00
2025-08-17 20:15:08,940 - __main__ - INFO - ⏰ Time advanced: 1865-07-15T08:05:00+01:00
2025-08-17 20:15:21,814 - __main__ - INFO - ⏰ Time advanced: 1865-07-15T08:08:00+01:00
2025-08-17 20:15:27,467 - __main__ - INFO - ⏰ Time advanced: 1865-07-15T08:18:00+01:00
2025-08-17 20:15:37,701 - __main__ - INFO - ⏰ Time advanced: 1865-07-15T08:21:00+01:00
2025-08-17 20:15:40,707 - __main__ - INFO - ⏰ Time advanced: 1865-07-15T08:24:00+01:00
2025-08-17 20:15:46,614 - __main__ - INFO - ⏰ Time advanced: 1865-07-15T08:26:00+01:00
2025-08-17 20:15:51,164 - __main__ - INFO - ⏰ Time advanced: 1865-07-15T08:28:00+01:00
2025-08-17 20:15:58,340 - __main__ - INFO - ⏰ Time advanced: 1865-07-15T08:32:00+01:00
2025-08-17 20:16:09,288 - __main__ - INFO - ⏰ Time advanced: 1865-07-15T08:35:00+01:00
2025-08-17 20:16:47,890 - __main__ - INFO - ⏰ Time advanced: 1865-07-15T08:38:00+01:00
2025-08-17 20:16:57,428 - __main__ - INFO - ⏰ Time advanced: 1865-07-15T08:40:00+01:00
2025-08-17 20:16:58,793 - __main__ - INFO - ⏰ Time advanced: 1865-07-15T08:44:00+01:00
2025-08-17 20:17:05,712 - __main__ - INFO - ⏰ Time advanced: 1865-07-15T08:54:00+01:00
2025-08-17 20:17:17,354 - __main__ - INFO - ⏰ Time advanced: 1865-07-15T08:57:00+01:00
2025-08-17 20:17:19,225 - __main__ - INFO - ⏰ Time advanced: 1865-07-15T08:59:00+01:00
2025-08-17 20:17:21,322 - __main__ - INFO - ⏰ Time advanced: 1865-07-15T09:01:00+01:00
2025-08-17 20:17:28,401 - __main__ - INFO - ⏰ Time advanced: 1865-07-15T09:11:00+01:00
2025-08-17 20:17:41,064 - __main__ - INFO - ⏰ Time advanced: 1865-07-15T09:13:00+01:00
2025-08-17 20:17:43,591 - __main__ - INFO - ⏰ Time advanced: 1865-07-15T09:16:00+01:00
2025-08-17 20:17:50,203 - __main__ - INFO - ⏰ Time advanced: 1865-07-15T09:18:00+01:00
2025-08-17 20:18:00,810 - __main__ - INFO - ⏰ Time advanced: 1865-07-15T09:21:00+01:00
2025-08-17 20:18:09,042 - __main__ - INFO - ⏰ Time advanced: 1865-07-15T09:24:00+01:00
2025-08-17 20:18:11,164 - __main__ - INFO - ⏰ Time advanced: 1865-07-15T09:26:00+01:00
2025-08-17 20:18:16,764 - __main__ - INFO - ⏰ Time advanced: 1865-07-15T09:36:00+01:00
2025-08-17 20:18:30,632 - __main__ - INFO - ⏰ Time advanced: 1865-07-15T09:39:00+01:00
2025-08-17 20:18:32,584 - __main__ - INFO - ⏰ Time advanced: 1865-07-15T09:43:00+01:00
2025-08-17 20:18:37,359 - __main__ - INFO - ⏰ Time advanced: 1865-07-15T09:47:00+01:00
2025-08-17 20:18:49,728 - __main__ - INFO - ⏰ Time advanced: 1865-07-15T09:50:00+01:00
2025-08-17 20:18:51,733 - __main__ - INFO - ⏰ Time advanced: 1865-07-15T09:52:00+01:00
2025-08-17 20:18:58,853 - __main__ - INFO - ⏰ Time advanced: 1865-07-15T10:02:00+01:00
2025-08-17 20:19:11,836 - __main__ - INFO - ⏰ Time advanced: 1865-07-15T10:04:00+01:00
2025-08-17 20:19:12,852 - __main__ - INFO - ⏰ Time advanced: 1865-07-15T10:06:00+01:00
2025-08-18 09:05:42,040 - __main__ - INFO - 🔄 Turn control update from map node: mode=step
2025-08-18 09:05:47,854 - __main__ - INFO - 📤 No simulation time available for new WebSocket connection
2025-08-18 09:05:47,867 - __main__ - INFO - 📤 No simulation time available for new WebSocket connection
2025-08-18 09:05:48,653 - __main__ - INFO - 📤 No simulation time available for new WebSocket connection
2025-08-18 09:05:48,654 - __main__ - WARNING - Failed to query map_node for initial time: Session.get() got an unexpected keyword argument 'timeout_s'
2025-08-18 09:05:56,580 - __main__ - INFO - 🚀 System ready signal received: 4 characters active
2025-08-18 09:05:56,581 - __main__ - INFO - 📤 No simulation time available to send to WebSocket clients
2025-08-18 09:06:16,939 - __main__ - INFO - 🔄 Turn control update from map node: mode=step
2025-08-18 09:06:16,939 - __main__ - INFO - 📤 Sending turn mode update: mode=step
2025-08-18 09:06:29,130 - __main__ - INFO - ⏰ Time advanced: 1850-07-15T06:33:00+01:00
2025-08-18 09:06:54,286 - __main__ - INFO - 🔄 Turn control update from map node: mode=step
2025-08-18 09:06:54,286 - __main__ - INFO - 📤 Sending turn mode update: mode=step
2025-08-18 09:06:59,425 - __main__ - INFO - ⏰ Time advanced: 1850-07-15T06:43:00+01:00
2025-08-18 09:07:39,865 - __main__ - INFO - 🔄 Turn control update from map node: mode=step
2025-08-18 09:07:39,866 - __main__ - INFO - 📤 Sending turn mode update: mode=step
2025-08-18 09:11:55,015 - __main__ - INFO - 🔄 Turn control update from map node: mode=step
2025-08-18 09:11:55,442 - __main__ - WARNING - Failed to query map_node for initial time: Session.get() got an unexpected keyword argument 'timeout_s'
2025-08-18 09:11:55,446 - __main__ - INFO - 📤 No simulation time available for new WebSocket connection
2025-08-18 09:12:09,797 - __main__ - INFO - 🚀 System ready signal received: 4 characters active
2025-08-18 09:12:09,797 - __main__ - INFO - 📤 No simulation time available to send to WebSocket clients
2025-08-18 09:13:21,793 - __main__ - INFO - 🔄 Turn control update from map node: mode=step
2025-08-18 09:13:21,793 - __main__ - INFO - 📤 Sending turn mode update: mode=step
2025-08-18 09:18:05,402 - __main__ - INFO - ⏰ Time advanced: 1865-07-15T06:33:00+01:00
2025-08-18 09:18:14,746 - __main__ - INFO - 🔄 Turn control update from map node: mode=step
2025-08-18 09:18:14,746 - __main__ - INFO - 📤 Sending turn mode update: mode=step
2025-08-18 09:21:01,120 - __main__ - WARNING - Failed to query map_node for initial time: Session.get() got an unexpected keyword argument 'timeout_s'
2025-08-18 09:21:01,125 - __main__ - INFO - 📤 No simulation time available for new WebSocket connection
2025-08-18 09:21:01,521 - __main__ - INFO - 🔄 Turn control update from map node: mode=step
2025-08-18 09:21:01,521 - __main__ - INFO - 📤 Sending turn mode update: mode=step
2025-08-18 09:21:16,609 - __main__ - INFO - 🚀 System ready signal received: 4 characters active
2025-08-18 09:21:16,611 - __main__ - INFO - 📤 No simulation time available to send to WebSocket clients
2025-08-18 09:21:23,936 - __main__ - INFO - 🔄 Turn control update from map node: mode=step
2025-08-18 09:21:23,936 - __main__ - INFO - 📤 Sending turn mode update: mode=step
2025-08-18 09:21:40,646 - __main__ - INFO - ⏰ Time advanced: 2025-08-18T09:24:01.461892
2025-08-18 09:22:08,850 - __main__ - INFO - 🔄 Turn control update from map node: mode=step
2025-08-18 09:22:08,850 - __main__ - INFO - 📤 Sending turn mode update: mode=step
2025-08-18 09:22:17,818 - __main__ - INFO - ⏰ Time advanced: 2025-08-18T09:24:01.526459
2025-08-18 09:22:27,611 - __main__ - INFO - 🔄 Turn control update from map node: mode=step
2025-08-18 09:22:27,611 - __main__ - INFO - 📤 Sending turn mode update: mode=step
2025-08-18 09:22:33,713 - __main__ - INFO - ⏰ Time advanced: 2025-08-18T09:26:01.526459
2025-08-18 09:22:33,714 - __main__ - INFO - ⏰ Time advanced: 2025-08-18T09:36:01.526459
2025-08-18 09:22:37,912 - __main__ - INFO - 🔄 Turn control update from map node: mode=step
2025-08-18 09:22:37,912 - __main__ - INFO - 📤 Sending turn mode update: mode=step
2025-08-18 09:22:51,990 - __main__ - INFO - ⏰ Time advanced: 2025-08-18T09:40:01.526459
2025-08-18 09:22:51,992 - __main__ - INFO - ⏰ Time advanced: 2025-08-18T09:50:01.526459
2025-08-18 09:22:53,774 - __main__ - INFO - 🏃 Run command received in FastAPI
2025-08-18 09:22:53,775 - __main__ - INFO - 🏃 Run command published to map node
2025-08-18 09:22:53,775 - __main__ - INFO - 🔄 Turn control update from map node: mode=run
2025-08-18 09:22:53,776 - __main__ - INFO - 📤 Sending turn mode update: mode=run
2025-08-18 09:23:10,530 - __main__ - INFO - ⏰ Time advanced: 2025-08-18T09:54:01.526459
2025-08-18 09:23:16,818 - __main__ - INFO - ⏰ Time advanced: 2025-08-18T09:59:01.526459
2025-08-18 09:23:22,941 - __main__ - INFO - ⏰ Time advanced: 2025-08-18T10:09:01.526459
2025-08-18 09:23:32,121 - __main__ - INFO - ⏰ Time advanced: 2025-08-18T10:14:01.526459
2025-08-18 09:23:38,751 - __main__ - INFO - ⏰ Time advanced: 2025-08-18T10:16:01.526459
2025-08-18 09:23:44,471 - __main__ - INFO - ⏰ Time advanced: 2025-08-18T10:18:01.526459
2025-08-18 09:23:52,686 - __main__ - INFO - ⏰ Time advanced: 2025-08-18T10:22:01.526459
2025-08-18 09:23:58,641 - __main__ - INFO - ⏰ Time advanced: 2025-08-18T10:32:01.526459
2025-08-18 09:24:06,718 - __main__ - INFO - ⏰ Time advanced: 2025-08-18T10:35:01.526459
2025-08-18 09:24:12,754 - __main__ - INFO - ⏰ Time advanced: 2025-08-18T10:45:01.526459
2025-08-18 09:24:22,618 - __main__ - INFO - ⏰ Time advanced: 2025-08-18T10:47:01.526459
2025-08-18 09:24:35,326 - __main__ - INFO - ⏰ Time advanced: 2025-08-18T10:52:01.526459
2025-08-18 09:24:41,901 - __main__ - INFO - ⏰ Time advanced: 2025-08-18T10:55:01.526459
2025-08-18 09:24:46,884 - __main__ - INFO - ⏰ Time advanced: 2025-08-18T11:05:01.526459
2025-08-18 09:25:01,495 - __main__ - INFO - ⏰ Time advanced: 2025-08-18T11:09:01.526459
2025-08-18 09:25:06,322 - __main__ - INFO - ⏰ Time advanced: 2025-08-18T11:13:01.526459
2025-08-18 09:25:07,286 - __main__ - INFO - ⏰ Time advanced: 2025-08-18T11:17:01.526459
2025-08-18 09:25:23,007 - __main__ - INFO - ⏰ Time advanced: 2025-08-18T11:22:01.526459
2025-08-18 09:25:28,136 - __main__ - INFO - ⏰ Time advanced: 2025-08-18T11:25:01.526459
2025-08-18 09:25:29,730 - __main__ - INFO - ⏰ Time advanced: 2025-08-18T11:29:01.526459
2025-08-18 09:25:43,359 - __main__ - INFO - ⏰ Time advanced: 2025-08-18T11:32:01.526459
2025-08-18 09:25:49,569 - __main__ - INFO - ⏰ Time advanced: 2025-08-18T11:34:01.526459
2025-08-18 09:25:50,046 - __main__ - INFO - ⏰ Time advanced: 2025-08-18T11:36:01.526459
2025-08-18 09:25:58,178 - __main__ - INFO - ⏰ Time advanced: 2025-08-18T11:38:01.526459
2025-08-18 09:26:04,995 - __main__ - INFO - ⏰ Time advanced: 2025-08-18T11:48:01.526459
2025-08-18 09:26:11,125 - __main__ - INFO - ⏰ Time advanced: 2025-08-18T11:51:01.526459
2025-08-18 09:26:11,663 - __main__ - INFO - ⏰ Time advanced: 2025-08-18T11:55:01.526459
2025-08-18 09:26:25,346 - __main__ - INFO - ⏰ Time advanced: 2025-08-18T11:58:01.526459
2025-08-18 09:26:31,968 - __main__ - INFO - ⏰ Time advanced: 2025-08-18T12:00:01.526459
2025-08-18 09:26:36,595 - __main__ - INFO - ⏰ Time advanced: 2025-08-18T12:02:01.526459
2025-08-18 09:26:42,992 - __main__ - INFO - ⏰ Time advanced: 2025-08-18T12:07:01.526459
2025-08-18 09:26:49,376 - __main__ - INFO - ⏰ Time advanced: 2025-08-18T12:17:01.526459
2025-08-18 09:26:58,121 - __main__ - INFO - ⏰ Time advanced: 2025-08-18T12:20:01.526459
2025-08-18 09:27:03,852 - __main__ - INFO - ⏰ Time advanced: 2025-08-18T12:30:01.526459
2025-08-18 09:27:11,831 - __main__ - INFO - ⏰ Time advanced: 2025-08-18T12:34:01.526459
2025-08-18 09:27:15,887 - __main__ - INFO - ⏰ Time advanced: 2025-08-18T12:44:01.526459
2025-08-18 09:27:22,014 - __main__ - INFO - ⏰ Time advanced: 2025-08-18T12:48:01.526459
2025-08-18 09:27:34,207 - __main__ - INFO - ⏰ Time advanced: 2025-08-18T12:51:01.526459
2025-08-18 09:27:38,802 - __main__ - INFO - ⏰ Time advanced: 2025-08-18T12:53:01.526459
2025-08-18 09:27:39,805 - __main__ - INFO - ⏰ Time advanced: 2025-08-18T12:55:01.526459
2025-08-18 09:27:48,243 - __main__ - INFO - ⏰ Time advanced: 2025-08-18T12:59:01.526459
2025-08-18 09:27:53,961 - __main__ - INFO - ⏰ Time advanced: 2025-08-18T13:09:01.526459
2025-08-18 09:28:01,810 - __main__ - INFO - ⏰ Time advanced: 2025-08-18T13:13:01.526459
2025-08-18 09:28:06,741 - __main__ - INFO - ⏰ Time advanced: 2025-08-18T13:23:01.526459
2025-08-18 09:28:11,676 - __main__ - INFO - ⏰ Time advanced: 2025-08-18T13:27:01.526459
2025-08-18 09:28:23,894 - __main__ - INFO - ⏰ Time advanced: 2025-08-18T13:32:01.526459
2025-08-18 09:28:29,158 - __main__ - INFO - ⏰ Time advanced: 2025-08-18T13:35:01.526459
2025-08-18 09:28:30,032 - __main__ - INFO - ⏰ Time advanced: 2025-08-18T13:40:01.526459
2025-08-18 09:28:43,505 - __main__ - INFO - ⏰ Time advanced: 2025-08-18T13:43:01.526459
2025-08-18 09:28:48,448 - __main__ - INFO - ⏰ Time advanced: 2025-08-18T13:47:01.526459
2025-08-18 09:28:49,838 - __main__ - INFO - ⏰ Time advanced: 2025-08-18T13:49:01.526459
2025-08-18 09:28:58,016 - __main__ - INFO - ⏰ Time advanced: 2025-08-18T13:52:01.526459
2025-08-18 09:29:04,502 - __main__ - INFO - ⏰ Time advanced: 2025-08-18T14:02:01.526459
2025-08-18 09:29:14,208 - __main__ - INFO - ⏰ Time advanced: 2025-08-18T14:05:01.526459
2025-08-18 09:29:26,364 - __main__ - INFO - ⏰ Time advanced: 2025-08-18T14:09:01.526459
2025-08-18 09:29:33,302 - __main__ - INFO - ⏰ Time advanced: 2025-08-18T14:13:01.526459
2025-08-18 09:29:38,088 - __main__ - INFO - ⏰ Time advanced: 2025-08-18T14:15:01.526459
2025-08-18 09:29:43,585 - __main__ - INFO - ⏰ Time advanced: 2025-08-18T14:25:01.526459
2025-08-18 09:29:44,192 - __main__ - INFO - ⏰ Time advanced: 2025-08-18T14:27:01.526459
2025-08-18 09:29:57,696 - __main__ - INFO - ⏰ Time advanced: 2025-08-18T14:31:01.526459
2025-08-18 09:30:03,283 - __main__ - INFO - ⏰ Time advanced: 2025-08-18T14:35:01.526459
2025-08-18 09:30:03,702 - __main__ - INFO - ⏰ Time advanced: 2025-08-18T14:37:01.526459
2025-08-18 09:30:09,410 - __main__ - INFO - ⏰ Time advanced: 2025-08-18T14:41:01.526459
2025-08-18 09:30:20,520 - __main__ - INFO - 🛑 Stop command received in FastAPI
2025-08-18 09:30:20,520 - __main__ - INFO - 🛑 Stop command published to map node
2025-08-18 09:30:20,522 - __main__ - INFO - 🔄 Turn control update from map node: mode=step
2025-08-18 09:30:20,522 - __main__ - INFO - 📤 Sending turn mode update: mode=step
2025-08-18 09:30:27,871 - __main__ - INFO - ⏰ Time advanced: 2025-08-18T14:45:01.526459
2025-08-18 09:31:39,367 - __main__ - INFO - 🔄 Turn control update from map node: mode=step
2025-08-18 09:31:40,059 - __main__ - WARNING - Failed to query map_node for initial time: Session.get() got an unexpected keyword argument 'timeout_s'
2025-08-18 09:31:40,063 - __main__ - INFO - 📤 No simulation time available for new WebSocket connection
2025-08-18 09:31:54,507 - __main__ - INFO - 🚀 System ready signal received: 4 characters active
2025-08-18 09:31:54,508 - __main__ - INFO - 📤 No simulation time available to send to WebSocket clients
2025-08-18 09:32:05,347 - __main__ - INFO - 🏃 Run command received in FastAPI
2025-08-18 09:32:05,348 - __main__ - INFO - 🏃 Run command published to map node
2025-08-18 09:32:05,349 - __main__ - INFO - 🔄 Turn control update from map node: mode=run
2025-08-18 09:32:05,349 - __main__ - INFO - 📤 Sending turn mode update: mode=run
2025-08-18 09:32:14,716 - __main__ - INFO - ⏰ Time advanced: 1850-07-15T06:33:00+01:00
2025-08-18 09:32:18,860 - __main__ - INFO - ⏰ Time advanced: 1850-07-15T06:43:00+01:00
2025-08-18 09:32:52,975 - __main__ - INFO - ⏰ Time advanced: 1850-07-15T06:45:00+01:00
2025-08-18 09:32:53,850 - __main__ - INFO - ⏰ Time advanced: 1850-07-15T06:55:00+01:00
2025-08-18 09:32:58,835 - __main__ - INFO - ⏰ Time advanced: 1850-07-15T07:00:00+01:00
2025-08-18 09:33:03,219 - __main__ - INFO - ⏰ Time advanced: 1850-07-15T07:10:00+01:00
2025-08-18 09:33:29,453 - __main__ - WARNING - Failed to query map_node for initial time: Session.get() got an unexpected keyword argument 'timeout_s'
2025-08-18 09:33:29,457 - __main__ - INFO - 📤 No simulation time available for new WebSocket connection
2025-08-18 09:33:29,988 - __main__ - INFO - 🔄 Turn control update from map node: mode=step
2025-08-18 09:33:29,988 - __main__ - INFO - 📤 Sending turn mode update: mode=step
2025-08-18 09:33:45,019 - __main__ - INFO - 🚀 System ready signal received: 4 characters active
2025-08-18 09:33:45,020 - __main__ - INFO - 📤 No simulation time available to send to WebSocket clients
2025-08-18 09:33:46,885 - __main__ - INFO - 🏃 Run command received in FastAPI
2025-08-18 09:33:46,885 - __main__ - INFO - 🏃 Run command published to map node
2025-08-18 09:33:46,887 - __main__ - INFO - 🔄 Turn control update from map node: mode=run
2025-08-18 09:33:46,887 - __main__ - INFO - 📤 Sending turn mode update: mode=run
2025-08-18 09:33:58,825 - __main__ - INFO - ⏰ Time advanced: 2025-08-18T09:35:29.927598
2025-08-18 09:34:03,146 - __main__ - INFO - ⏰ Time advanced: 2025-08-18T09:37:29.927598
2025-08-18 09:34:09,514 - __main__ - INFO - ⏰ Time advanced: 2025-08-18T09:42:29.927598
2025-08-18 09:34:15,297 - __main__ - INFO - ⏰ Time advanced: 2025-08-18T09:52:29.927598
2025-08-18 09:34:21,702 - __main__ - INFO - ⏰ Time advanced: 2025-08-18T09:55:29.927598
2025-08-18 09:34:31,120 - __main__ - INFO - ⏰ Time advanced: 2025-08-18T09:36:29.994898
2025-08-18 09:34:35,468 - __main__ - INFO - ⏰ Time advanced: 2025-08-18T09:40:29.994898
2025-08-18 09:34:36,457 - __main__ - INFO - ⏰ Time advanced: 2025-08-18T09:43:29.994898
2025-08-18 09:34:41,392 - __main__ - INFO - ⏰ Time advanced: 2025-08-18T09:48:29.994898
2025-08-18 09:34:46,021 - __main__ - INFO - ⏰ Time advanced: 2025-08-18T09:52:29.994898
2025-08-18 09:34:47,055 - __main__ - INFO - ⏰ Time advanced: 2025-08-18T09:55:29.994898
2025-08-18 09:34:51,768 - __main__ - INFO - ⏰ Time advanced: 2025-08-18T09:57:29.994898
2025-08-18 09:34:56,544 - __main__ - INFO - ⏰ Time advanced: 2025-08-18T10:07:29.994898
2025-08-18 09:35:06,964 - __main__ - INFO - ⏰ Time advanced: 2025-08-18T10:11:29.994898
2025-08-18 09:35:16,443 - __main__ - INFO - ⏰ Time advanced: 2025-08-18T10:16:29.994898
2025-08-18 09:35:48,061 - __main__ - INFO - ⏰ Time advanced: 2025-08-18T10:21:29.994898
2025-08-18 09:35:49,878 - __main__ - INFO - ⏰ Time advanced: 2025-08-18T10:24:29.994898
2025-08-18 09:36:20,776 - __main__ - INFO - ⏰ Time advanced: 2025-08-18T10:34:29.994898
2025-08-18 09:36:21,778 - __main__ - INFO - ⏰ Time advanced: 2025-08-18T10:44:29.994898
2025-08-18 09:36:22,781 - __main__ - INFO - ⏰ Time advanced: 2025-08-18T10:54:29.994898
2025-08-18 09:36:23,783 - __main__ - INFO - ⏰ Time advanced: 2025-08-18T11:04:29.994898
2025-08-18 09:36:24,787 - __main__ - INFO - ⏰ Time advanced: 2025-08-18T11:14:29.994898
2025-08-18 09:36:25,790 - __main__ - INFO - ⏰ Time advanced: 2025-08-18T11:24:29.994898
2025-08-18 09:36:26,792 - __main__ - INFO - ⏰ Time advanced: 2025-08-18T11:34:29.994898
2025-08-18 09:36:27,795 - __main__ - INFO - ⏰ Time advanced: 2025-08-18T11:44:29.994898
2025-08-18 09:36:28,797 - __main__ - INFO - ⏰ Time advanced: 2025-08-18T11:54:29.994898
2025-08-18 09:36:29,800 - __main__ - INFO - ⏰ Time advanced: 2025-08-18T12:04:29.994898
2025-08-18 09:36:30,803 - __main__ - INFO - ⏰ Time advanced: 2025-08-18T12:14:29.994898
2025-08-18 09:36:31,806 - __main__ - INFO - ⏰ Time advanced: 2025-08-18T12:24:29.994898
2025-08-18 09:36:32,808 - __main__ - INFO - ⏰ Time advanced: 2025-08-18T12:34:29.994898
2025-08-18 09:36:33,811 - __main__ - INFO - ⏰ Time advanced: 2025-08-18T12:44:29.994898
2025-08-18 09:36:34,814 - __main__ - INFO - ⏰ Time advanced: 2025-08-18T12:54:29.994898
2025-08-18 09:36:35,816 - __main__ - INFO - ⏰ Time advanced: 2025-08-18T13:04:29.994898
2025-08-18 09:36:36,819 - __main__ - INFO - ⏰ Time advanced: 2025-08-18T13:14:29.994898
2025-08-18 09:36:37,823 - __main__ - INFO - ⏰ Time advanced: 2025-08-18T13:24:29.994898
2025-08-18 09:36:38,825 - __main__ - INFO - ⏰ Time advanced: 2025-08-18T13:34:29.994898
2025-08-18 09:36:39,829 - __main__ - INFO - ⏰ Time advanced: 2025-08-18T13:44:29.994898
2025-08-18 09:36:40,833 - __main__ - INFO - ⏰ Time advanced: 2025-08-18T13:54:29.994898
2025-08-18 09:36:41,836 - __main__ - INFO - ⏰ Time advanced: 2025-08-18T14:04:29.994898
2025-08-18 09:36:42,838 - __main__ - INFO - ⏰ Time advanced: 2025-08-18T14:14:29.994898
2025-08-18 09:36:43,842 - __main__ - INFO - ⏰ Time advanced: 2025-08-18T14:24:29.994898
2025-08-18 09:36:44,845 - __main__ - INFO - ⏰ Time advanced: 2025-08-18T14:34:29.994898
2025-08-18 09:36:45,848 - __main__ - INFO - ⏰ Time advanced: 2025-08-18T14:44:29.994898
2025-08-18 09:36:46,851 - __main__ - INFO - ⏰ Time advanced: 2025-08-18T14:54:29.994898
2025-08-18 09:36:47,855 - __main__ - INFO - ⏰ Time advanced: 2025-08-18T15:04:29.994898
2025-08-18 09:36:48,857 - __main__ - INFO - ⏰ Time advanced: 2025-08-18T15:14:29.994898
2025-08-18 09:36:49,860 - __main__ - INFO - ⏰ Time advanced: 2025-08-18T15:24:29.994898
2025-08-18 09:36:50,865 - __main__ - INFO - ⏰ Time advanced: 2025-08-18T15:34:29.994898
2025-08-18 09:36:51,868 - __main__ - INFO - ⏰ Time advanced: 2025-08-18T15:44:29.994898
2025-08-18 09:36:52,870 - __main__ - INFO - ⏰ Time advanced: 2025-08-18T15:54:29.994898
2025-08-18 09:36:53,874 - __main__ - INFO - ⏰ Time advanced: 2025-08-18T16:04:29.994898
2025-08-18 09:36:54,877 - __main__ - INFO - ⏰ Time advanced: 2025-08-18T16:14:29.994898
2025-08-18 09:36:55,881 - __main__ - INFO - ⏰ Time advanced: 2025-08-18T16:24:29.994898
2025-08-18 09:36:56,883 - __main__ - INFO - ⏰ Time advanced: 2025-08-18T16:34:29.994898
2025-08-18 09:36:57,886 - __main__ - INFO - ⏰ Time advanced: 2025-08-18T16:44:29.994898
2025-08-18 09:36:58,889 - __main__ - INFO - ⏰ Time advanced: 2025-08-18T16:54:29.994898
2025-08-18 09:36:59,893 - __main__ - INFO - ⏰ Time advanced: 2025-08-18T17:04:29.994898
2025-08-18 09:37:00,896 - __main__ - INFO - ⏰ Time advanced: 2025-08-18T17:14:29.994898
2025-08-18 09:37:01,899 - __main__ - INFO - ⏰ Time advanced: 2025-08-18T17:24:29.994898
2025-08-18 09:37:02,903 - __main__ - INFO - ⏰ Time advanced: 2025-08-18T17:34:29.994898
2025-08-18 09:37:03,906 - __main__ - INFO - ⏰ Time advanced: 2025-08-18T17:44:29.994898
2025-08-18 09:37:04,909 - __main__ - INFO - ⏰ Time advanced: 2025-08-18T17:54:29.994898
2025-08-18 09:37:05,912 - __main__ - INFO - ⏰ Time advanced: 2025-08-18T18:04:29.994898
2025-08-18 09:37:06,916 - __main__ - INFO - ⏰ Time advanced: 2025-08-18T18:14:29.994898
2025-08-18 09:37:07,919 - __main__ - INFO - ⏰ Time advanced: 2025-08-18T18:24:29.994898
2025-08-18 09:37:08,922 - __main__ - INFO - ⏰ Time advanced: 2025-08-18T18:34:29.994898
2025-08-18 09:37:09,925 - __main__ - INFO - ⏰ Time advanced: 2025-08-18T18:44:29.994898
2025-08-18 09:37:10,928 - __main__ - INFO - ⏰ Time advanced: 2025-08-18T18:54:29.994898
2025-08-18 09:37:11,931 - __main__ - INFO - ⏰ Time advanced: 2025-08-18T19:04:29.994898
2025-08-18 09:37:12,934 - __main__ - INFO - ⏰ Time advanced: 2025-08-18T19:14:29.994898
2025-08-18 09:37:13,936 - __main__ - INFO - ⏰ Time advanced: 2025-08-18T19:24:29.994898
2025-08-18 09:37:14,940 - __main__ - INFO - ⏰ Time advanced: 2025-08-18T19:34:29.994898
2025-08-18 09:37:15,943 - __main__ - INFO - ⏰ Time advanced: 2025-08-18T19:44:29.994898
2025-08-18 09:37:16,946 - __main__ - INFO - ⏰ Time advanced: 2025-08-18T19:54:29.994898
2025-08-18 09:37:17,949 - __main__ - INFO - ⏰ Time advanced: 2025-08-18T20:04:29.994898
2025-08-18 09:37:18,951 - __main__ - INFO - ⏰ Time advanced: 2025-08-18T20:14:29.994898
2025-08-18 09:37:19,954 - __main__ - INFO - ⏰ Time advanced: 2025-08-18T20:24:29.994898
2025-08-18 09:37:20,958 - __main__ - INFO - ⏰ Time advanced: 2025-08-18T20:34:29.994898
2025-08-18 09:37:21,962 - __main__ - INFO - ⏰ Time advanced: 2025-08-18T20:44:29.994898
2025-08-18 09:37:22,965 - __main__ - INFO - ⏰ Time advanced: 2025-08-18T20:54:29.994898
2025-08-18 09:37:23,967 - __main__ - INFO - ⏰ Time advanced: 2025-08-18T21:04:29.994898
2025-08-18 09:37:24,970 - __main__ - INFO - ⏰ Time advanced: 2025-08-18T21:14:29.994898
2025-08-18 09:37:25,974 - __main__ - INFO - ⏰ Time advanced: 2025-08-18T21:24:29.994898
2025-08-18 09:37:26,978 - __main__ - INFO - ⏰ Time advanced: 2025-08-18T21:34:29.994898
2025-08-18 09:37:27,980 - __main__ - INFO - ⏰ Time advanced: 2025-08-18T21:44:29.994898
2025-08-18 09:37:28,984 - __main__ - INFO - ⏰ Time advanced: 2025-08-18T21:54:29.994898
2025-08-18 09:37:29,986 - __main__ - INFO - ⏰ Time advanced: 2025-08-18T22:04:29.994898
2025-08-18 09:37:30,988 - __main__ - INFO - ⏰ Time advanced: 2025-08-18T22:14:29.994898
2025-08-18 09:37:31,992 - __main__ - INFO - ⏰ Time advanced: 2025-08-18T22:24:29.994898
2025-08-18 09:37:32,994 - __main__ - INFO - ⏰ Time advanced: 2025-08-18T22:34:29.994898
2025-08-18 09:37:33,997 - __main__ - INFO - ⏰ Time advanced: 2025-08-18T22:44:29.994898
2025-08-18 09:37:35,000 - __main__ - INFO - ⏰ Time advanced: 2025-08-18T22:54:29.994898
2025-08-18 09:37:36,003 - __main__ - INFO - ⏰ Time advanced: 2025-08-18T23:04:29.994898
2025-08-18 09:37:37,006 - __main__ - INFO - ⏰ Time advanced: 2025-08-18T23:14:29.994898
2025-08-18 09:37:38,009 - __main__ - INFO - ⏰ Time advanced: 2025-08-18T23:24:29.994898
2025-08-18 09:37:39,012 - __main__ - INFO - ⏰ Time advanced: 2025-08-18T23:34:29.994898
2025-08-18 09:37:40,015 - __main__ - INFO - ⏰ Time advanced: 2025-08-18T23:44:29.994898
2025-08-18 09:37:41,017 - __main__ - INFO - ⏰ Time advanced: 2025-08-18T23:54:29.994898
2025-08-18 09:37:42,021 - __main__ - INFO - ⏰ Time advanced: 2025-08-19T00:04:29.994898
2025-08-18 09:37:43,022 - __main__ - INFO - ⏰ Time advanced: 2025-08-19T00:14:29.994898
2025-08-18 09:37:44,026 - __main__ - INFO - ⏰ Time advanced: 2025-08-19T00:24:29.994898
2025-08-18 09:37:45,029 - __main__ - INFO - ⏰ Time advanced: 2025-08-19T00:34:29.994898
2025-08-18 09:37:46,031 - __main__ - INFO - ⏰ Time advanced: 2025-08-19T00:44:29.994898
2025-08-18 09:37:47,035 - __main__ - INFO - ⏰ Time advanced: 2025-08-19T00:54:29.994898
2025-08-18 09:37:48,038 - __main__ - INFO - ⏰ Time advanced: 2025-08-19T01:04:29.994898
2025-08-18 09:37:49,041 - __main__ - INFO - ⏰ Time advanced: 2025-08-19T01:14:29.994898
2025-08-18 09:37:50,044 - __main__ - INFO - ⏰ Time advanced: 2025-08-19T01:24:29.994898
2025-08-18 09:37:51,046 - __main__ - INFO - ⏰ Time advanced: 2025-08-19T01:34:29.994898
2025-08-18 09:37:52,049 - __main__ - INFO - ⏰ Time advanced: 2025-08-19T01:44:29.994898
2025-08-18 09:37:53,052 - __main__ - INFO - ⏰ Time advanced: 2025-08-19T01:54:29.994898
2025-08-18 09:37:54,055 - __main__ - INFO - ⏰ Time advanced: 2025-08-19T02:04:29.994898
2025-08-18 09:37:55,058 - __main__ - INFO - ⏰ Time advanced: 2025-08-19T02:14:29.994898
2025-08-18 09:37:56,060 - __main__ - INFO - ⏰ Time advanced: 2025-08-19T02:24:29.994898
2025-08-18 09:37:57,063 - __main__ - INFO - ⏰ Time advanced: 2025-08-19T02:34:29.994898
2025-08-18 09:37:58,069 - __main__ - INFO - ⏰ Time advanced: 2025-08-19T02:44:29.994898
2025-08-18 09:37:59,071 - __main__ - INFO - ⏰ Time advanced: 2025-08-19T02:54:29.994898
2025-08-18 09:38:00,074 - __main__ - INFO - ⏰ Time advanced: 2025-08-19T03:04:29.994898
2025-08-18 09:38:01,076 - __main__ - INFO - ⏰ Time advanced: 2025-08-19T03:14:29.994898
2025-08-18 09:38:02,080 - __main__ - INFO - ⏰ Time advanced: 2025-08-19T03:24:29.994898
2025-08-18 09:38:03,083 - __main__ - INFO - ⏰ Time advanced: 2025-08-19T03:34:29.994898
2025-08-18 09:38:04,086 - __main__ - INFO - ⏰ Time advanced: 2025-08-19T03:44:29.994898
2025-08-18 09:38:05,089 - __main__ - INFO - ⏰ Time advanced: 2025-08-19T03:54:29.994898
2025-08-18 09:38:06,090 - __main__ - INFO - ⏰ Time advanced: 2025-08-19T04:04:29.994898
2025-08-18 09:38:07,094 - __main__ - INFO - ⏰ Time advanced: 2025-08-19T04:14:29.994898
2025-08-18 09:38:08,097 - __main__ - INFO - ⏰ Time advanced: 2025-08-19T04:24:29.994898
2025-08-18 09:38:09,100 - __main__ - INFO - ⏰ Time advanced: 2025-08-19T04:34:29.994898
2025-08-18 09:38:10,102 - __main__ - INFO - ⏰ Time advanced: 2025-08-19T04:44:29.994898
2025-08-18 09:38:11,103 - __main__ - INFO - ⏰ Time advanced: 2025-08-19T04:54:29.994898
2025-08-18 09:38:12,106 - __main__ - INFO - ⏰ Time advanced: 2025-08-19T05:04:29.994898
2025-08-18 09:38:13,109 - __main__ - INFO - ⏰ Time advanced: 2025-08-19T05:14:29.994898
2025-08-18 09:38:14,113 - __main__ - INFO - ⏰ Time advanced: 2025-08-19T05:24:29.994898
2025-08-18 09:38:15,117 - __main__ - INFO - ⏰ Time advanced: 2025-08-19T05:34:29.994898
2025-08-18 09:38:16,118 - __main__ - INFO - ⏰ Time advanced: 2025-08-19T05:44:29.994898
2025-08-18 09:38:17,121 - __main__ - INFO - ⏰ Time advanced: 2025-08-19T05:54:29.994898
2025-08-18 09:38:18,124 - __main__ - INFO - ⏰ Time advanced: 2025-08-19T06:04:29.994898
2025-08-18 09:38:19,127 - __main__ - INFO - ⏰ Time advanced: 2025-08-19T06:14:29.994898
2025-08-18 09:38:20,130 - __main__ - INFO - ⏰ Time advanced: 2025-08-19T06:24:29.994898
2025-08-18 09:38:21,132 - __main__ - INFO - ⏰ Time advanced: 2025-08-19T06:34:29.994898
2025-08-18 09:38:22,135 - __main__ - INFO - ⏰ Time advanced: 2025-08-19T06:44:29.994898
2025-08-18 09:38:23,138 - __main__ - INFO - ⏰ Time advanced: 2025-08-19T06:54:29.994898
2025-08-18 09:38:24,141 - __main__ - INFO - ⏰ Time advanced: 2025-08-19T07:04:29.994898
2025-08-18 09:38:25,144 - __main__ - INFO - ⏰ Time advanced: 2025-08-19T07:14:29.994898
2025-08-18 09:38:26,146 - __main__ - INFO - ⏰ Time advanced: 2025-08-19T07:24:29.994898
2025-08-18 09:38:27,148 - __main__ - INFO - ⏰ Time advanced: 2025-08-19T07:34:29.994898
2025-08-18 09:38:28,151 - __main__ - INFO - ⏰ Time advanced: 2025-08-19T07:44:29.994898
2025-08-18 09:38:29,154 - __main__ - INFO - ⏰ Time advanced: 2025-08-19T07:54:29.994898
2025-08-18 09:38:30,155 - __main__ - INFO - ⏰ Time advanced: 2025-08-19T08:04:29.994898
2025-08-18 09:38:31,159 - __main__ - INFO - ⏰ Time advanced: 2025-08-19T08:14:29.994898
2025-08-18 09:38:32,160 - __main__ - INFO - ⏰ Time advanced: 2025-08-19T08:24:29.994898
2025-08-18 09:38:33,164 - __main__ - INFO - ⏰ Time advanced: 2025-08-19T08:34:29.994898
2025-08-18 09:38:34,166 - __main__ - INFO - ⏰ Time advanced: 2025-08-19T08:44:29.994898
2025-08-18 09:38:35,169 - __main__ - INFO - ⏰ Time advanced: 2025-08-19T08:54:29.994898
2025-08-18 09:38:36,171 - __main__ - INFO - ⏰ Time advanced: 2025-08-19T09:04:29.994898
2025-08-18 09:38:37,173 - __main__ - INFO - ⏰ Time advanced: 2025-08-19T09:14:29.994898
2025-08-18 09:38:38,178 - __main__ - INFO - ⏰ Time advanced: 2025-08-19T09:24:29.994898
2025-08-18 09:38:39,181 - __main__ - INFO - ⏰ Time advanced: 2025-08-19T09:34:29.994898
2025-08-18 09:38:40,184 - __main__ - INFO - ⏰ Time advanced: 2025-08-19T09:44:29.994898
2025-08-18 09:38:41,187 - __main__ - INFO - ⏰ Time advanced: 2025-08-19T09:54:29.994898
2025-08-18 09:38:42,188 - __main__ - INFO - ⏰ Time advanced: 2025-08-19T10:04:29.994898
2025-08-18 09:38:43,192 - __main__ - INFO - ⏰ Time advanced: 2025-08-19T10:14:29.994898
2025-08-18 09:38:44,195 - __main__ - INFO - ⏰ Time advanced: 2025-08-19T10:24:29.994898
2025-08-18 09:38:45,196 - __main__ - INFO - ⏰ Time advanced: 2025-08-19T10:34:29.994898
2025-08-18 09:38:46,200 - __main__ - INFO - ⏰ Time advanced: 2025-08-19T10:44:29.994898
2025-08-18 09:38:47,201 - __main__ - INFO - ⏰ Time advanced: 2025-08-19T10:54:29.994898
2025-08-18 09:38:48,205 - __main__ - INFO - ⏰ Time advanced: 2025-08-19T11:04:29.994898
2025-08-18 09:38:49,207 - __main__ - INFO - ⏰ Time advanced: 2025-08-19T11:14:29.994898
2025-08-18 09:38:50,211 - __main__ - INFO - ⏰ Time advanced: 2025-08-19T11:24:29.994898
2025-08-18 09:38:51,214 - __main__ - INFO - ⏰ Time advanced: 2025-08-19T11:34:29.994898
2025-08-18 09:38:52,217 - __main__ - INFO - ⏰ Time advanced: 2025-08-19T11:44:29.994898
2025-08-18 09:38:53,220 - __main__ - INFO - ⏰ Time advanced: 2025-08-19T11:54:29.994898
2025-08-18 09:38:54,224 - __main__ - INFO - ⏰ Time advanced: 2025-08-19T12:04:29.994898
2025-08-18 09:38:55,227 - __main__ - INFO - ⏰ Time advanced: 2025-08-19T12:14:29.994898
2025-08-18 09:38:56,229 - __main__ - INFO - ⏰ Time advanced: 2025-08-19T12:24:29.994898
2025-08-18 09:38:57,231 - __main__ - INFO - ⏰ Time advanced: 2025-08-19T12:34:29.994898
2025-08-18 09:38:58,232 - __main__ - INFO - ⏰ Time advanced: 2025-08-19T12:44:29.994898
2025-08-18 09:38:59,235 - __main__ - INFO - ⏰ Time advanced: 2025-08-19T12:54:29.994898
2025-08-18 09:39:00,238 - __main__ - INFO - ⏰ Time advanced: 2025-08-19T13:04:29.994898
2025-08-18 09:39:01,240 - __main__ - INFO - ⏰ Time advanced: 2025-08-19T13:14:29.994898
2025-08-18 09:39:02,243 - __main__ - INFO - ⏰ Time advanced: 2025-08-19T13:24:29.994898
2025-08-18 09:39:03,246 - __main__ - INFO - ⏰ Time advanced: 2025-08-19T13:34:29.994898
2025-08-18 09:39:04,249 - __main__ - INFO - ⏰ Time advanced: 2025-08-19T13:44:29.994898
2025-08-18 09:39:05,252 - __main__ - INFO - ⏰ Time advanced: 2025-08-19T13:54:29.994898
2025-08-18 09:39:06,255 - __main__ - INFO - ⏰ Time advanced: 2025-08-19T14:04:29.994898
2025-08-18 09:39:07,258 - __main__ - INFO - ⏰ Time advanced: 2025-08-19T14:14:29.994898
2025-08-18 09:39:08,261 - __main__ - INFO - ⏰ Time advanced: 2025-08-19T14:24:29.994898
2025-08-18 09:39:09,264 - __main__ - INFO - ⏰ Time advanced: 2025-08-19T14:34:29.994898
2025-08-18 09:39:10,267 - __main__ - INFO - ⏰ Time advanced: 2025-08-19T14:44:29.994898
2025-08-18 09:39:11,270 - __main__ - INFO - ⏰ Time advanced: 2025-08-19T14:54:29.994898
2025-08-18 09:39:12,273 - __main__ - INFO - ⏰ Time advanced: 2025-08-19T15:04:29.994898
2025-08-18 09:39:13,276 - __main__ - INFO - ⏰ Time advanced: 2025-08-19T15:14:29.994898
2025-08-18 09:39:14,278 - __main__ - INFO - ⏰ Time advanced: 2025-08-19T15:24:29.994898
2025-08-18 09:39:15,281 - __main__ - INFO - ⏰ Time advanced: 2025-08-19T15:34:29.994898
2025-08-18 09:39:16,284 - __main__ - INFO - ⏰ Time advanced: 2025-08-19T15:44:29.994898
2025-08-18 09:39:17,288 - __main__ - INFO - ⏰ Time advanced: 2025-08-19T15:54:29.994898
2025-08-18 09:39:18,291 - __main__ - INFO - ⏰ Time advanced: 2025-08-19T16:04:29.994898
2025-08-18 09:39:19,292 - __main__ - INFO - ⏰ Time advanced: 2025-08-19T16:14:29.994898
2025-08-18 09:39:20,294 - __main__ - INFO - ⏰ Time advanced: 2025-08-19T16:24:29.994898
2025-08-18 09:39:21,296 - __main__ - INFO - ⏰ Time advanced: 2025-08-19T16:34:29.994898
2025-08-18 09:39:22,298 - __main__ - INFO - ⏰ Time advanced: 2025-08-19T16:44:29.994898
2025-08-18 09:39:23,301 - __main__ - INFO - ⏰ Time advanced: 2025-08-19T16:54:29.994898
2025-08-18 09:39:24,304 - __main__ - INFO - ⏰ Time advanced: 2025-08-19T17:04:29.994898
2025-08-18 09:39:25,307 - __main__ - INFO - ⏰ Time advanced: 2025-08-19T17:14:29.994898
2025-08-18 09:39:26,310 - __main__ - INFO - ⏰ Time advanced: 2025-08-19T17:24:29.994898
2025-08-18 09:39:27,313 - __main__ - INFO - ⏰ Time advanced: 2025-08-19T17:34:29.994898
2025-08-18 09:39:28,316 - __main__ - INFO - ⏰ Time advanced: 2025-08-19T17:44:29.994898
2025-08-18 09:39:29,319 - __main__ - INFO - ⏰ Time advanced: 2025-08-19T17:54:29.994898
2025-08-18 09:39:30,322 - __main__ - INFO - ⏰ Time advanced: 2025-08-19T18:04:29.994898
2025-08-18 09:39:31,326 - __main__ - INFO - ⏰ Time advanced: 2025-08-19T18:14:29.994898
2025-08-18 09:39:32,328 - __main__ - INFO - ⏰ Time advanced: 2025-08-19T18:24:29.994898
2025-08-18 09:39:33,331 - __main__ - INFO - ⏰ Time advanced: 2025-08-19T18:34:29.994898
2025-08-18 09:39:34,334 - __main__ - INFO - ⏰ Time advanced: 2025-08-19T18:44:29.994898
2025-08-18 09:39:35,337 - __main__ - INFO - ⏰ Time advanced: 2025-08-19T18:54:29.994898
2025-08-18 09:39:36,339 - __main__ - INFO - ⏰ Time advanced: 2025-08-19T19:04:29.994898
2025-08-18 09:39:37,342 - __main__ - INFO - ⏰ Time advanced: 2025-08-19T19:14:29.994898
2025-08-18 09:39:38,346 - __main__ - INFO - ⏰ Time advanced: 2025-08-19T19:24:29.994898
2025-08-18 09:39:39,348 - __main__ - INFO - ⏰ Time advanced: 2025-08-19T19:34:29.994898
2025-08-18 09:39:40,351 - __main__ - INFO - ⏰ Time advanced: 2025-08-19T19:44:29.994898
2025-08-18 09:39:41,355 - __main__ - INFO - ⏰ Time advanced: 2025-08-19T19:54:29.994898
2025-08-18 09:39:42,357 - __main__ - INFO - ⏰ Time advanced: 2025-08-19T20:04:29.994898
2025-08-18 09:39:43,360 - __main__ - INFO - ⏰ Time advanced: 2025-08-19T20:14:29.994898
2025-08-18 09:39:44,363 - __main__ - INFO - ⏰ Time advanced: 2025-08-19T20:24:29.994898
2025-08-18 09:39:45,366 - __main__ - INFO - ⏰ Time advanced: 2025-08-19T20:34:29.994898
2025-08-18 09:39:46,367 - __main__ - INFO - ⏰ Time advanced: 2025-08-19T20:44:29.994898
2025-08-18 09:39:47,371 - __main__ - INFO - ⏰ Time advanced: 2025-08-19T20:54:29.994898
2025-08-18 09:39:48,373 - __main__ - INFO - ⏰ Time advanced: 2025-08-19T21:04:29.994898
2025-08-18 09:39:49,375 - __main__ - INFO - ⏰ Time advanced: 2025-08-19T21:14:29.994898
2025-08-18 09:39:50,379 - __main__ - INFO - ⏰ Time advanced: 2025-08-19T21:24:29.994898
2025-08-18 09:39:51,382 - __main__ - INFO - ⏰ Time advanced: 2025-08-19T21:34:29.994898
2025-08-18 09:39:52,385 - __main__ - INFO - ⏰ Time advanced: 2025-08-19T21:44:29.994898
2025-08-18 09:39:53,388 - __main__ - INFO - ⏰ Time advanced: 2025-08-19T21:54:29.994898
2025-08-18 09:39:54,390 - __main__ - INFO - ⏰ Time advanced: 2025-08-19T22:04:29.994898
2025-08-18 09:39:55,394 - __main__ - INFO - ⏰ Time advanced: 2025-08-19T22:14:29.994898
2025-08-18 09:39:56,395 - __main__ - INFO - ⏰ Time advanced: 2025-08-19T22:24:29.994898
2025-08-18 09:39:57,399 - __main__ - INFO - ⏰ Time advanced: 2025-08-19T22:34:29.994898
2025-08-18 09:39:58,401 - __main__ - INFO - ⏰ Time advanced: 2025-08-19T22:44:29.994898
2025-08-18 09:39:59,403 - __main__ - INFO - ⏰ Time advanced: 2025-08-19T22:54:29.994898
2025-08-18 09:40:00,405 - __main__ - INFO - ⏰ Time advanced: 2025-08-19T23:04:29.994898
2025-08-18 09:40:01,407 - __main__ - INFO - ⏰ Time advanced: 2025-08-19T23:14:29.994898
2025-08-18 09:40:02,411 - __main__ - INFO - ⏰ Time advanced: 2025-08-19T23:24:29.994898
2025-08-18 09:40:03,413 - __main__ - INFO - ⏰ Time advanced: 2025-08-19T23:34:29.994898
2025-08-18 09:40:04,416 - __main__ - INFO - ⏰ Time advanced: 2025-08-19T23:44:29.994898
2025-08-18 09:40:05,418 - __main__ - INFO - ⏰ Time advanced: 2025-08-19T23:54:29.994898
2025-08-18 09:40:06,420 - __main__ - INFO - ⏰ Time advanced: 2025-08-20T00:04:29.994898
2025-08-18 09:40:07,423 - __main__ - INFO - ⏰ Time advanced: 2025-08-20T00:14:29.994898
2025-08-18 09:40:08,425 - __main__ - INFO - ⏰ Time advanced: 2025-08-20T00:24:29.994898
2025-08-18 09:40:09,429 - __main__ - INFO - ⏰ Time advanced: 2025-08-20T00:34:29.994898
2025-08-18 09:40:10,431 - __main__ - INFO - ⏰ Time advanced: 2025-08-20T00:44:29.994898
2025-08-18 09:40:11,434 - __main__ - INFO - ⏰ Time advanced: 2025-08-20T00:54:29.994898
2025-08-18 09:40:12,438 - __main__ - INFO - ⏰ Time advanced: 2025-08-20T01:04:29.994898
2025-08-18 09:40:13,440 - __main__ - INFO - ⏰ Time advanced: 2025-08-20T01:14:29.994898
2025-08-18 09:40:14,443 - __main__ - INFO - ⏰ Time advanced: 2025-08-20T01:24:29.994898
2025-08-18 09:40:15,445 - __main__ - INFO - ⏰ Time advanced: 2025-08-20T01:34:29.994898
2025-08-18 09:40:16,446 - __main__ - INFO - ⏰ Time advanced: 2025-08-20T01:44:29.994898
2025-08-18 09:40:17,448 - __main__ - INFO - ⏰ Time advanced: 2025-08-20T01:54:29.994898
2025-08-18 09:40:18,451 - __main__ - INFO - ⏰ Time advanced: 2025-08-20T02:04:29.994898
2025-08-18 09:40:19,455 - __main__ - INFO - ⏰ Time advanced: 2025-08-20T02:14:29.994898
2025-08-18 09:40:20,457 - __main__ - INFO - ⏰ Time advanced: 2025-08-20T02:24:29.994898
2025-08-18 09:40:21,459 - __main__ - INFO - ⏰ Time advanced: 2025-08-20T02:34:29.994898
2025-08-18 09:40:22,463 - __main__ - INFO - ⏰ Time advanced: 2025-08-20T02:44:29.994898
2025-08-18 09:40:23,466 - __main__ - INFO - ⏰ Time advanced: 2025-08-20T02:54:29.994898
2025-08-18 09:40:24,469 - __main__ - INFO - ⏰ Time advanced: 2025-08-20T03:04:29.994898
2025-08-18 09:40:25,471 - __main__ - INFO - ⏰ Time advanced: 2025-08-20T03:14:29.994898
2025-08-18 09:40:26,475 - __main__ - INFO - ⏰ Time advanced: 2025-08-20T03:24:29.994898
2025-08-18 09:40:27,478 - __main__ - INFO - ⏰ Time advanced: 2025-08-20T03:34:29.994898
2025-08-18 09:40:28,481 - __main__ - INFO - ⏰ Time advanced: 2025-08-20T03:44:29.994898
2025-08-18 09:40:29,484 - __main__ - INFO - ⏰ Time advanced: 2025-08-20T03:54:29.994898
2025-08-18 09:40:30,486 - __main__ - INFO - ⏰ Time advanced: 2025-08-20T04:04:29.994898
2025-08-18 09:40:31,489 - __main__ - INFO - ⏰ Time advanced: 2025-08-20T04:14:29.994898
2025-08-18 09:40:32,492 - __main__ - INFO - ⏰ Time advanced: 2025-08-20T04:24:29.994898
2025-08-18 09:40:33,493 - __main__ - INFO - ⏰ Time advanced: 2025-08-20T04:34:29.994898
2025-08-18 09:40:34,495 - __main__ - INFO - ⏰ Time advanced: 2025-08-20T04:44:29.994898
2025-08-18 09:40:35,499 - __main__ - INFO - ⏰ Time advanced: 2025-08-20T04:54:29.994898
2025-08-18 09:40:36,502 - __main__ - INFO - ⏰ Time advanced: 2025-08-20T05:04:29.994898
2025-08-18 09:40:37,504 - __main__ - INFO - ⏰ Time advanced: 2025-08-20T05:14:29.994898
2025-08-18 09:40:38,508 - __main__ - INFO - ⏰ Time advanced: 2025-08-20T05:24:29.994898
2025-08-18 09:40:39,510 - __main__ - INFO - ⏰ Time advanced: 2025-08-20T05:34:29.994898
2025-08-18 09:40:40,513 - __main__ - INFO - ⏰ Time advanced: 2025-08-20T05:44:29.994898
2025-08-18 09:40:41,514 - __main__ - INFO - ⏰ Time advanced: 2025-08-20T05:54:29.994898
2025-08-18 09:40:42,517 - __main__ - INFO - ⏰ Time advanced: 2025-08-20T06:04:29.994898
2025-08-18 09:40:43,520 - __main__ - INFO - ⏰ Time advanced: 2025-08-20T06:14:29.994898
2025-08-18 09:40:44,523 - __main__ - INFO - ⏰ Time advanced: 2025-08-20T06:24:29.994898
2025-08-18 09:40:45,525 - __main__ - INFO - ⏰ Time advanced: 2025-08-20T06:34:29.994898
2025-08-18 09:40:46,529 - __main__ - INFO - ⏰ Time advanced: 2025-08-20T06:44:29.994898
2025-08-18 09:40:47,531 - __main__ - INFO - ⏰ Time advanced: 2025-08-20T06:54:29.994898
2025-08-18 09:40:48,534 - __main__ - INFO - ⏰ Time advanced: 2025-08-20T07:04:29.994898
2025-08-18 09:40:49,537 - __main__ - INFO - ⏰ Time advanced: 2025-08-20T07:14:29.994898
2025-08-18 09:40:50,540 - __main__ - INFO - ⏰ Time advanced: 2025-08-20T07:24:29.994898
2025-08-18 09:40:51,543 - __main__ - INFO - ⏰ Time advanced: 2025-08-20T07:34:29.994898
2025-08-18 09:40:52,546 - __main__ - INFO - ⏰ Time advanced: 2025-08-20T07:44:29.994898
2025-08-18 09:40:53,549 - __main__ - INFO - ⏰ Time advanced: 2025-08-20T07:54:29.994898
2025-08-18 09:40:54,551 - __main__ - INFO - ⏰ Time advanced: 2025-08-20T08:04:29.994898
2025-08-18 09:40:55,554 - __main__ - INFO - ⏰ Time advanced: 2025-08-20T08:14:29.994898
2025-08-18 09:40:56,557 - __main__ - INFO - ⏰ Time advanced: 2025-08-20T08:24:29.994898
2025-08-18 09:40:57,559 - __main__ - INFO - ⏰ Time advanced: 2025-08-20T08:34:29.994898
2025-08-18 09:40:58,560 - __main__ - INFO - ⏰ Time advanced: 2025-08-20T08:44:29.994898
2025-08-18 09:40:59,563 - __main__ - INFO - ⏰ Time advanced: 2025-08-20T08:54:29.994898
2025-08-18 09:41:00,566 - __main__ - INFO - ⏰ Time advanced: 2025-08-20T09:04:29.994898
2025-08-18 09:41:01,569 - __main__ - INFO - ⏰ Time advanced: 2025-08-20T09:14:29.994898
2025-08-18 09:41:02,572 - __main__ - INFO - ⏰ Time advanced: 2025-08-20T09:24:29.994898
2025-08-18 09:41:03,575 - __main__ - INFO - ⏰ Time advanced: 2025-08-20T09:34:29.994898
2025-08-18 09:41:04,578 - __main__ - INFO - ⏰ Time advanced: 2025-08-20T09:44:29.994898
2025-08-18 09:41:05,580 - __main__ - INFO - ⏰ Time advanced: 2025-08-20T09:54:29.994898
2025-08-18 09:41:06,582 - __main__ - INFO - ⏰ Time advanced: 2025-08-20T10:04:29.994898
2025-08-18 09:41:07,585 - __main__ - INFO - ⏰ Time advanced: 2025-08-20T10:14:29.994898
2025-08-18 09:41:08,587 - __main__ - INFO - ⏰ Time advanced: 2025-08-20T10:24:29.994898
2025-08-18 09:41:09,590 - __main__ - INFO - ⏰ Time advanced: 2025-08-20T10:34:29.994898
2025-08-18 09:41:10,593 - __main__ - INFO - ⏰ Time advanced: 2025-08-20T10:44:29.994898
2025-08-18 09:41:11,595 - __main__ - INFO - ⏰ Time advanced: 2025-08-20T10:54:29.994898
2025-08-18 09:41:12,598 - __main__ - INFO - ⏰ Time advanced: 2025-08-20T11:04:29.994898
2025-08-18 09:41:13,601 - __main__ - INFO - ⏰ Time advanced: 2025-08-20T11:14:29.994898
2025-08-18 09:41:14,605 - __main__ - INFO - ⏰ Time advanced: 2025-08-20T11:24:29.994898
2025-08-18 09:41:15,606 - __main__ - INFO - ⏰ Time advanced: 2025-08-20T11:34:29.994898
2025-08-18 09:41:16,609 - __main__ - INFO - ⏰ Time advanced: 2025-08-20T11:44:29.994898
2025-08-18 09:41:17,612 - __main__ - INFO - ⏰ Time advanced: 2025-08-20T11:54:29.994898
2025-08-18 09:41:18,615 - __main__ - INFO - ⏰ Time advanced: 2025-08-20T12:04:29.994898
2025-08-18 09:41:19,617 - __main__ - INFO - ⏰ Time advanced: 2025-08-20T12:14:29.994898
2025-08-18 09:41:20,620 - __main__ - INFO - ⏰ Time advanced: 2025-08-20T12:24:29.994898
2025-08-18 09:41:21,622 - __main__ - INFO - ⏰ Time advanced: 2025-08-20T12:34:29.994898
2025-08-18 09:41:22,625 - __main__ - INFO - ⏰ Time advanced: 2025-08-20T12:44:29.994898
2025-08-18 09:41:23,627 - __main__ - INFO - ⏰ Time advanced: 2025-08-20T12:54:29.994898
2025-08-18 09:41:24,631 - __main__ - INFO - ⏰ Time advanced: 2025-08-20T13:04:29.994898
2025-08-18 09:41:25,634 - __main__ - INFO - ⏰ Time advanced: 2025-08-20T13:14:29.994898
2025-08-18 09:41:26,637 - __main__ - INFO - ⏰ Time advanced: 2025-08-20T13:24:29.994898
2025-08-18 09:41:27,640 - __main__ - INFO - ⏰ Time advanced: 2025-08-20T13:34:29.994898
2025-08-18 09:41:28,642 - __main__ - INFO - ⏰ Time advanced: 2025-08-20T13:44:29.994898
2025-08-18 09:41:29,645 - __main__ - INFO - ⏰ Time advanced: 2025-08-20T13:54:29.994898
2025-08-18 09:41:30,648 - __main__ - INFO - ⏰ Time advanced: 2025-08-20T14:04:29.994898
2025-08-18 09:41:31,650 - __main__ - INFO - ⏰ Time advanced: 2025-08-20T14:14:29.994898
2025-08-18 09:41:32,652 - __main__ - INFO - ⏰ Time advanced: 2025-08-20T14:24:29.994898
2025-08-18 09:41:33,655 - __main__ - INFO - ⏰ Time advanced: 2025-08-20T14:34:29.994898
2025-08-18 09:41:34,659 - __main__ - INFO - ⏰ Time advanced: 2025-08-20T14:44:29.994898
2025-08-18 09:41:35,661 - __main__ - INFO - ⏰ Time advanced: 2025-08-20T14:54:29.994898
2025-08-18 09:41:36,664 - __main__ - INFO - ⏰ Time advanced: 2025-08-20T15:04:29.994898
2025-08-18 09:41:37,667 - __main__ - INFO - ⏰ Time advanced: 2025-08-20T15:14:29.994898
2025-08-18 09:41:38,668 - __main__ - INFO - ⏰ Time advanced: 2025-08-20T15:24:29.994898
2025-08-18 09:41:39,672 - __main__ - INFO - ⏰ Time advanced: 2025-08-20T15:34:29.994898
2025-08-18 09:41:40,674 - __main__ - INFO - ⏰ Time advanced: 2025-08-20T15:44:29.994898
2025-08-18 09:41:41,677 - __main__ - INFO - ⏰ Time advanced: 2025-08-20T15:54:29.994898
2025-08-18 09:41:42,678 - __main__ - INFO - ⏰ Time advanced: 2025-08-20T16:04:29.994898
2025-08-18 09:41:43,683 - __main__ - INFO - ⏰ Time advanced: 2025-08-20T16:14:29.994898
2025-08-18 09:41:44,684 - __main__ - INFO - ⏰ Time advanced: 2025-08-20T16:24:29.994898
2025-08-18 09:41:45,687 - __main__ - INFO - ⏰ Time advanced: 2025-08-20T16:34:29.994898
2025-08-18 09:41:46,690 - __main__ - INFO - ⏰ Time advanced: 2025-08-20T16:44:29.994898
2025-08-18 09:41:47,692 - __main__ - INFO - ⏰ Time advanced: 2025-08-20T16:54:29.994898
2025-08-18 09:41:48,696 - __main__ - INFO - ⏰ Time advanced: 2025-08-20T17:04:29.994898
2025-08-18 09:41:49,699 - __main__ - INFO - ⏰ Time advanced: 2025-08-20T17:14:29.994898
2025-08-18 09:41:50,701 - __main__ - INFO - ⏰ Time advanced: 2025-08-20T17:24:29.994898
2025-08-18 09:41:51,705 - __main__ - INFO - ⏰ Time advanced: 2025-08-20T17:34:29.994898
2025-08-18 09:41:52,707 - __main__ - INFO - ⏰ Time advanced: 2025-08-20T17:44:29.994898
2025-08-18 09:41:53,710 - __main__ - INFO - ⏰ Time advanced: 2025-08-20T17:54:29.994898
2025-08-18 09:41:54,715 - __main__ - INFO - ⏰ Time advanced: 2025-08-20T18:04:29.994898
2025-08-18 09:41:55,718 - __main__ - INFO - ⏰ Time advanced: 2025-08-20T18:14:29.994898
2025-08-18 09:41:56,720 - __main__ - INFO - ⏰ Time advanced: 2025-08-20T18:24:29.994898
2025-08-18 09:41:57,723 - __main__ - INFO - ⏰ Time advanced: 2025-08-20T18:34:29.994898
2025-08-18 09:41:58,726 - __main__ - INFO - ⏰ Time advanced: 2025-08-20T18:44:29.994898
2025-08-18 09:41:59,728 - __main__ - INFO - ⏰ Time advanced: 2025-08-20T18:54:29.994898
2025-08-18 09:42:00,729 - __main__ - INFO - ⏰ Time advanced: 2025-08-20T19:04:29.994898
2025-08-18 09:42:01,733 - __main__ - INFO - ⏰ Time advanced: 2025-08-20T19:14:29.994898
2025-08-18 09:42:02,736 - __main__ - INFO - ⏰ Time advanced: 2025-08-20T19:24:29.994898
2025-08-18 09:42:03,738 - __main__ - INFO - ⏰ Time advanced: 2025-08-20T19:34:29.994898
2025-08-18 09:42:04,741 - __main__ - INFO - ⏰ Time advanced: 2025-08-20T19:44:29.994898
2025-08-18 09:42:05,744 - __main__ - INFO - ⏰ Time advanced: 2025-08-20T19:54:29.994898
2025-08-18 09:42:06,747 - __main__ - INFO - ⏰ Time advanced: 2025-08-20T20:04:29.994898
2025-08-18 09:42:07,749 - __main__ - INFO - ⏰ Time advanced: 2025-08-20T20:14:29.994898
2025-08-18 09:42:08,751 - __main__ - INFO - ⏰ Time advanced: 2025-08-20T20:24:29.994898
2025-08-18 09:42:09,754 - __main__ - INFO - ⏰ Time advanced: 2025-08-20T20:34:29.994898
2025-08-18 09:42:10,758 - __main__ - INFO - ⏰ Time advanced: 2025-08-20T20:44:29.994898
2025-08-18 09:42:11,763 - __main__ - INFO - ⏰ Time advanced: 2025-08-20T20:54:29.994898
2025-08-18 09:42:12,767 - __main__ - INFO - ⏰ Time advanced: 2025-08-20T21:04:29.994898
2025-08-18 09:42:13,771 - __main__ - INFO - ⏰ Time advanced: 2025-08-20T21:14:29.994898
2025-08-18 09:42:14,774 - __main__ - INFO - ⏰ Time advanced: 2025-08-20T21:24:29.994898
2025-08-18 09:42:15,777 - __main__ - INFO - ⏰ Time advanced: 2025-08-20T21:34:29.994898
2025-08-18 09:42:16,780 - __main__ - INFO - ⏰ Time advanced: 2025-08-20T21:44:29.994898
2025-08-18 09:42:17,783 - __main__ - INFO - ⏰ Time advanced: 2025-08-20T21:54:29.994898
2025-08-18 09:42:18,786 - __main__ - INFO - ⏰ Time advanced: 2025-08-20T22:04:29.994898
2025-08-18 09:42:19,789 - __main__ - INFO - ⏰ Time advanced: 2025-08-20T22:14:29.994898
2025-08-18 09:42:20,792 - __main__ - INFO - ⏰ Time advanced: 2025-08-20T22:24:29.994898
2025-08-18 09:42:21,795 - __main__ - INFO - ⏰ Time advanced: 2025-08-20T22:34:29.994898
2025-08-18 09:42:22,798 - __main__ - INFO - ⏰ Time advanced: 2025-08-20T22:44:29.994898
2025-08-18 09:42:23,801 - __main__ - INFO - ⏰ Time advanced: 2025-08-20T22:54:29.994898
2025-08-18 09:42:24,804 - __main__ - INFO - ⏰ Time advanced: 2025-08-20T23:04:29.994898
2025-08-18 09:42:25,807 - __main__ - INFO - ⏰ Time advanced: 2025-08-20T23:14:29.994898
2025-08-18 09:42:26,810 - __main__ - INFO - ⏰ Time advanced: 2025-08-20T23:24:29.994898
2025-08-18 09:42:27,813 - __main__ - INFO - ⏰ Time advanced: 2025-08-20T23:34:29.994898
2025-08-18 09:42:28,816 - __main__ - INFO - ⏰ Time advanced: 2025-08-20T23:44:29.994898
2025-08-18 09:42:29,818 - __main__ - INFO - ⏰ Time advanced: 2025-08-20T23:54:29.994898
2025-08-18 09:42:30,821 - __main__ - INFO - ⏰ Time advanced: 2025-08-21T00:04:29.994898
2025-08-18 09:42:31,824 - __main__ - INFO - ⏰ Time advanced: 2025-08-21T00:14:29.994898
2025-08-18 09:42:32,827 - __main__ - INFO - ⏰ Time advanced: 2025-08-21T00:24:29.994898
2025-08-18 09:42:33,829 - __main__ - INFO - ⏰ Time advanced: 2025-08-21T00:34:29.994898
2025-08-18 09:42:34,832 - __main__ - INFO - ⏰ Time advanced: 2025-08-21T00:44:29.994898
2025-08-18 09:42:35,835 - __main__ - INFO - ⏰ Time advanced: 2025-08-21T00:54:29.994898
2025-08-18 09:42:36,837 - __main__ - INFO - ⏰ Time advanced: 2025-08-21T01:04:29.994898
2025-08-18 09:42:37,839 - __main__ - INFO - ⏰ Time advanced: 2025-08-21T01:14:29.994898
2025-08-18 09:42:38,844 - __main__ - INFO - ⏰ Time advanced: 2025-08-21T01:24:29.994898
2025-08-18 09:42:39,846 - __main__ - INFO - ⏰ Time advanced: 2025-08-21T01:34:29.994898
2025-08-18 09:42:40,849 - __main__ - INFO - ⏰ Time advanced: 2025-08-21T01:44:29.994898
2025-08-18 09:42:41,851 - __main__ - INFO - ⏰ Time advanced: 2025-08-21T01:54:29.994898
2025-08-18 09:42:42,854 - __main__ - INFO - ⏰ Time advanced: 2025-08-21T02:04:29.994898
2025-08-18 09:42:43,858 - __main__ - INFO - ⏰ Time advanced: 2025-08-21T02:14:29.994898
2025-08-18 09:42:44,861 - __main__ - INFO - ⏰ Time advanced: 2025-08-21T02:24:29.994898
2025-08-18 09:42:45,864 - __main__ - INFO - ⏰ Time advanced: 2025-08-21T02:34:29.994898
2025-08-18 09:42:46,867 - __main__ - INFO - ⏰ Time advanced: 2025-08-21T02:44:29.994898
2025-08-18 09:42:47,870 - __main__ - INFO - ⏰ Time advanced: 2025-08-21T02:54:29.994898
2025-08-18 09:42:48,873 - __main__ - INFO - ⏰ Time advanced: 2025-08-21T03:04:29.994898
2025-08-18 09:42:49,877 - __main__ - INFO - ⏰ Time advanced: 2025-08-21T03:14:29.994898
2025-08-18 09:42:50,880 - __main__ - INFO - ⏰ Time advanced: 2025-08-21T03:24:29.994898
2025-08-18 09:42:51,883 - __main__ - INFO - ⏰ Time advanced: 2025-08-21T03:34:29.994898
2025-08-18 09:42:52,886 - __main__ - INFO - ⏰ Time advanced: 2025-08-21T03:44:29.994898
2025-08-18 09:42:53,889 - __main__ - INFO - ⏰ Time advanced: 2025-08-21T03:54:29.994898
2025-08-18 09:42:54,891 - __main__ - INFO - ⏰ Time advanced: 2025-08-21T04:04:29.994898
2025-08-18 09:42:55,894 - __main__ - INFO - ⏰ Time advanced: 2025-08-21T04:14:29.994898
2025-08-18 09:42:56,896 - __main__ - INFO - ⏰ Time advanced: 2025-08-21T04:24:29.994898
2025-08-18 09:42:57,898 - __main__ - INFO - ⏰ Time advanced: 2025-08-21T04:34:29.994898
2025-08-18 09:42:58,900 - __main__ - INFO - ⏰ Time advanced: 2025-08-21T04:44:29.994898
2025-08-18 09:42:59,904 - __main__ - INFO - ⏰ Time advanced: 2025-08-21T04:54:29.994898
2025-08-18 09:43:00,906 - __main__ - INFO - ⏰ Time advanced: 2025-08-21T05:04:29.994898
2025-08-18 09:43:01,909 - __main__ - INFO - ⏰ Time advanced: 2025-08-21T05:14:29.994898
2025-08-18 09:43:02,912 - __main__ - INFO - ⏰ Time advanced: 2025-08-21T05:24:29.994898
2025-08-18 09:43:03,913 - __main__ - INFO - ⏰ Time advanced: 2025-08-21T05:34:29.994898
2025-08-18 09:43:04,917 - __main__ - INFO - ⏰ Time advanced: 2025-08-21T05:44:29.994898
2025-08-18 09:43:05,920 - __main__ - INFO - ⏰ Time advanced: 2025-08-21T05:54:29.994898
2025-08-18 09:43:06,923 - __main__ - INFO - ⏰ Time advanced: 2025-08-21T06:04:29.994898
2025-08-18 09:43:07,926 - __main__ - INFO - ⏰ Time advanced: 2025-08-21T06:14:29.994898
2025-08-18 10:09:29,145 - __main__ - INFO - 🔄 Turn control update from map node: mode=step
2025-08-18 10:09:29,692 - __main__ - WARNING - Failed to query map_node for initial time: Session.get() got an unexpected keyword argument 'timeout_s'
2025-08-18 10:09:29,698 - __main__ - INFO - 📤 No simulation time available for new WebSocket connection
2025-08-18 10:09:44,054 - __main__ - INFO - 🚀 System ready signal received: 4 characters active
2025-08-18 10:09:44,056 - __main__ - INFO - 📤 No simulation time available to send to WebSocket clients
2025-08-18 10:09:55,192 - __main__ - INFO - 🔄 Turn control update from map node: mode=step
2025-08-18 10:09:55,192 - __main__ - INFO - 📤 Sending turn mode update: mode=step
2025-08-18 10:11:30,762 - __main__ - INFO - 🔄 Turn control update from map node: mode=step
2025-08-18 10:11:31,206 - __main__ - WARNING - Failed to query map_node for initial time: Session.get() got an unexpected keyword argument 'timeout_s'
2025-08-18 10:11:31,211 - __main__ - INFO - 📤 No simulation time available for new WebSocket connection
2025-08-18 10:11:45,846 - __main__ - INFO - 🚀 System ready signal received: 4 characters active
2025-08-18 10:11:45,848 - __main__ - INFO - 📤 No simulation time available to send to WebSocket clients
2025-08-18 10:11:54,727 - __main__ - INFO - 🔄 Turn control update from map node: mode=step
2025-08-18 10:11:54,728 - __main__ - INFO - 📤 Sending turn mode update: mode=step
2025-08-18 10:13:14,209 - __main__ - INFO - 🔄 Turn control update from map node: mode=step
2025-08-18 10:13:14,782 - __main__ - WARNING - Failed to query map_node for initial time: Session.get() got an unexpected keyword argument 'timeout_s'
2025-08-18 10:13:14,786 - __main__ - INFO - 📤 No simulation time available for new WebSocket connection
2025-08-18 10:13:29,304 - __main__ - INFO - 🚀 System ready signal received: 4 characters active
2025-08-18 10:13:29,305 - __main__ - INFO - 📤 No simulation time available to send to WebSocket clients
2025-08-18 10:13:38,475 - __main__ - INFO - 🔄 Turn control update from map node: mode=step
2025-08-18 10:13:38,475 - __main__ - INFO - 📤 Sending turn mode update: mode=step
2025-08-18 10:15:04,204 - __main__ - INFO - ⏰ Time advanced: 1865-07-15T06:40:00+01:00
2025-08-18 10:15:10,529 - __main__ - INFO - 🔄 Turn control update from map node: mode=step
2025-08-18 10:15:10,530 - __main__ - INFO - 📤 Sending turn mode update: mode=step
2025-08-18 10:21:05,702 - __main__ - WARNING - Failed to query map_node for initial time: Session.get() got an unexpected keyword argument 'timeout_s'
2025-08-18 10:21:05,707 - __main__ - INFO - 📤 No simulation time available for new WebSocket connection
2025-08-18 10:21:06,261 - __main__ - INFO - 🔄 Turn control update from map node: mode=step
2025-08-18 10:21:06,261 - __main__ - INFO - 📤 Sending turn mode update: mode=step
2025-08-18 10:21:21,262 - __main__ - INFO - 🚀 System ready signal received: 4 characters active
2025-08-18 10:21:21,264 - __main__ - INFO - 📤 No simulation time available to send to WebSocket clients
2025-08-18 10:21:46,033 - __main__ - INFO - 🔄 Turn control update from map node: mode=step
2025-08-18 10:21:46,034 - __main__ - INFO - 📤 Sending turn mode update: mode=step
2025-08-18 10:25:07,431 - __main__ - INFO - ⏰ Time advanced: 2025-08-18T10:25:06.266173
2025-08-18 10:25:46,980 - __main__ - INFO - 🏃 Run command received in FastAPI
2025-08-18 10:25:46,980 - __main__ - INFO - 🏃 Run command published to map node
2025-08-18 10:25:46,984 - __main__ - INFO - 🔄 Turn control update from map node: mode=run
2025-08-18 10:25:46,985 - __main__ - INFO - 📤 Sending turn mode update: mode=run
2025-08-18 10:25:51,580 - __main__ - INFO - ⏰ Time advanced: 2025-08-18T10:35:06.266173
2025-08-18 10:25:56,758 - __main__ - INFO - ⏰ Time advanced: 2025-08-18T10:39:06.266173
2025-08-18 10:26:01,515 - __main__ - INFO - ⏰ Time advanced: 2025-08-18T10:49:06.266173
2025-08-18 10:26:07,831 - __main__ - INFO - ⏰ Time advanced: 2025-08-18T10:53:06.266173
2025-08-18 10:26:29,470 - __main__ - INFO - ⏰ Time advanced: 2025-08-18T10:56:06.266173
2025-08-18 10:32:05,334 - __main__ - INFO - 🔄 Turn control update from map node: mode=step
2025-08-18 10:32:05,831 - __main__ - WARNING - Failed to query map_node for initial time: Session.get() got an unexpected keyword argument 'timeout_s'
2025-08-18 10:32:05,837 - __main__ - INFO - 📤 No simulation time available for new WebSocket connection
2025-08-18 10:32:20,154 - __main__ - INFO - 🚀 System ready signal received: 4 characters active
2025-08-18 10:32:20,155 - __main__ - INFO - 📤 No simulation time available to send to WebSocket clients
2025-08-18 10:32:47,560 - __main__ - INFO - 🔄 Turn control update from map node: mode=step
2025-08-18 10:32:47,560 - __main__ - INFO - 📤 Sending turn mode update: mode=step
2025-08-18 10:32:57,988 - __main__ - INFO - ⏰ Time advanced: 1850-07-15T06:34:00+01:00
2025-08-18 10:36:46,385 - __main__ - INFO - 🔄 Turn control update from map node: mode=step
2025-08-18 10:36:46,386 - __main__ - INFO - 📤 Sending turn mode update: mode=step
2025-08-18 10:37:04,115 - __main__ - INFO - ⏰ Time advanced: 1850-07-15T06:37:00+01:00
2025-08-18 10:37:04,118 - __main__ - INFO - ⏰ Time advanced: 1850-07-15T06:47:00+01:00
2025-08-18 10:37:09,657 - __main__ - INFO - 🔄 Turn control update from map node: mode=step
2025-08-18 10:37:09,659 - __main__ - INFO - 📤 Sending turn mode update: mode=step
2025-08-18 10:47:23,453 - __main__ - INFO - 🔄 Turn control update from map node: mode=step
2025-08-18 10:47:24,030 - __main__ - WARNING - Failed to query map_node for initial time: 'builtins.Reply' object has no attribute 'payload'
2025-08-18 10:47:24,035 - __main__ - INFO - 📤 No simulation time available for new WebSocket connection
2025-08-18 10:47:38,304 - __main__ - INFO - 🚀 System ready signal received: 4 characters active
2025-08-18 10:47:38,305 - __main__ - INFO - 📤 No simulation time available to send to WebSocket clients
2025-08-18 10:47:49,156 - __main__ - INFO - 🔄 Turn control update from map node: mode=step
2025-08-18 10:47:49,156 - __main__ - INFO - 📤 Sending turn mode update: mode=step
2025-08-18 10:49:29,493 - __main__ - INFO - ⏰ Time advanced: 1865-07-15T06:32:00+01:00
2025-08-18 10:49:29,495 - __main__ - INFO - ⏰ Time advanced: 1865-07-15T06:42:00+01:00
2025-08-18 11:37:24,776 - __main__ - INFO - 🔧 Debug mode enabled for FastAPI Action Display
2025-08-18 11:37:24,969 - __main__ - INFO - 📤 Sent current time to new WebSocket connection: unknown
2025-08-18 11:37:40,075 - __main__ - INFO - 🚀 System ready signal received: 4 characters active
2025-08-18 11:37:40,077 - __main__ - INFO - 📤 Sent current time to all WebSocket clients: unknown
2025-08-18 11:38:19,835 - __main__ - INFO - 🔧 Debug mode enabled for FastAPI Action Display
2025-08-18 11:38:19,984 - __main__ - INFO - 📤 Sent current time to new WebSocket connection: unknown
2025-08-18 11:38:43,959 - __main__ - INFO - 🔧 Debug mode enabled for FastAPI Action Display
2025-08-18 11:38:45,212 - __main__ - INFO - 📤 No simulation time available for new WebSocket connection
2025-08-18 11:38:45,832 - __main__ - INFO - 📤 No simulation time available for new WebSocket connection
2025-08-18 11:38:46,101 - __main__ - INFO - 🔄 Turn control update from map node: mode=step
2025-08-18 11:38:46,101 - __main__ - INFO - 📤 Sending turn mode update: mode=step
2025-08-18 11:39:00,564 - __main__ - INFO - 🚀 System ready signal received: 4 characters active
2025-08-18 11:39:00,566 - __main__ - INFO - 📤 No simulation time available to send to WebSocket clients
2025-08-18 11:39:10,999 - __main__ - INFO - 🏃 Run command received in FastAPI
2025-08-18 11:39:11,000 - __main__ - INFO - 🏃 Run command published to map node
2025-08-18 11:39:11,001 - __main__ - INFO - 🔄 Turn control update from map node: mode=run
2025-08-18 11:39:11,001 - __main__ - INFO - 📤 Sending turn mode update: mode=run
2025-08-18 11:39:33,434 - __main__ - INFO - ⏰ Time advanced: 2023-06-15T06:33:00+00:00
2025-08-18 11:39:34,487 - __main__ - INFO - ⏰ Time advanced: 2023-06-15T06:35:00+00:00
2025-08-18 11:39:52,993 - __main__ - INFO - ⏰ Time advanced: 2023-06-15T06:40:00+00:00
2025-08-18 11:40:13,956 - __main__ - INFO - ⏰ Time advanced: 2023-06-15T06:42:00+00:00
2025-08-18 11:40:20,106 - __main__ - INFO - ⏰ Time advanced: 2023-06-15T06:45:00+00:00
2025-08-18 11:40:38,816 - __main__ - INFO - ⏰ Time advanced: 2023-06-15T06:47:00+00:00
2025-08-18 11:40:39,810 - __main__ - INFO - ⏰ Time advanced: 2023-06-15T06:49:00+00:00
2025-08-18 11:40:40,827 - __main__ - INFO - ⏰ Time advanced: 2023-06-15T06:52:00+00:00
2025-08-18 11:41:06,473 - __main__ - INFO - ⏰ Time advanced: 2023-06-15T06:54:00+00:00
2025-08-18 11:41:32,206 - __main__ - INFO - ⏰ Time advanced: 2023-06-15T06:57:00+00:00
2025-08-18 11:41:54,651 - __main__ - INFO - ⏰ Time advanced: 2023-06-15T07:01:00+00:00
2025-08-18 11:41:55,647 - __main__ - INFO - ⏰ Time advanced: 2023-06-15T07:04:00+00:00
2025-08-18 11:45:58,427 - __main__ - INFO - 🔧 Debug mode enabled for FastAPI Action Display
2025-08-18 11:45:59,592 - __main__ - INFO - 🔄 Turn control update from map node: mode=step
2025-08-18 11:45:59,651 - __main__ - WARNING - Failed to query map_node for initial time: 'builtins.Reply' object has no attribute 'payload'
2025-08-18 11:45:59,655 - __main__ - INFO - 📤 No simulation time available for new WebSocket connection
2025-08-18 11:46:13,876 - __main__ - INFO - 🚀 System ready signal received: 4 characters active
2025-08-18 11:46:13,878 - __main__ - INFO - 📤 No simulation time available to send to WebSocket clients
2025-08-18 11:46:18,683 - __main__ - INFO - 🔄 Turn control update from map node: mode=step
2025-08-18 11:46:18,683 - __main__ - INFO - 📤 Sending turn mode update: mode=step
2025-08-18 11:46:39,516 - __main__ - INFO - ⏰ Time advanced: 2023-06-15T06:33:00+00:00
2025-08-18 11:46:41,866 - __main__ - INFO - 🔄 Turn control update from map node: mode=step
2025-08-18 11:46:41,866 - __main__ - INFO - 📤 Sending turn mode update: mode=step
2025-08-18 11:46:43,862 - __main__ - INFO - ⏰ Time advanced: 2023-06-15T06:37:00+00:00
2025-08-18 11:47:06,965 - __main__ - INFO - 🔄 Turn control update from map node: mode=step
2025-08-18 11:47:06,966 - __main__ - INFO - 📤 Sending turn mode update: mode=step
